t_s,BTC_TASK,BTU_TASK,IDLE0,IDLE1,audio,btController,esp_timer,hciT,input,ipc0,ipc1,maint,ui,charge_coeur0,charge_coeur1
21.6,0.0,0.0,97.35,99.38,0.0,0.0,0.0,0.0,0.0,0.0,0.0,2.03,0.0,2.03,0.0
31.7,0.0,0.0,97.35,98.79,0.0,0.0,0.0,0.0,0.0,0.0,0.0,2.04,0.0,2.04,0.0
41.8,0.0,0.0,97.33,97.62,0.0,0.0,0.0,0.0,0.0,0.0,0.0,2.06,2.36,2.06,2.36
52.0,0.0,0.0,97.35,99.38,0.0,0.0,0.0,0.0,0.0,0.0,0.0,2.04,0.0,2.04,0.0
62.1,0.0,0.0,97.34,98.71,0.0,0.0,0.0,0.0,0.0,0.0,0.0,2.06,0.78,2.06,0.78
72.2,0.0,0.0,97.31,99.28,0.0,0.0,0.0,0.0,0.0,0.0,0.0,2.05,0.0,2.05,0.0
82.3,0.0,0.0,97.34,99.38,0.0,0.0,0.0,0.0,0.0,0.0,0.0,2.04,0.0,2.04,0.0
92.4,0.0,0.0,97.33,98.62,0.0,0.0,0.0,0.0,0.0,0.0,0.0,2.05,0.76,2.05,0.76
102.6,0.0,0.0,97.33,99.38,0.0,0.0,0.0,0.0,0.0,0.0,0.0,2.04,0.0,2.04,0.0
112.7,0.0,0.0,97.34,99.38,0.0,0.0,0.0,0.0,0.0,0.0,0.0,2.05,0.0,2.05,0.0
122.8,0.0,0.0,97.33,98.63,0.0,0.0,0.0,0.0,0.0,0.0,0.0,2.06,0.76,2.06,0.76
132.9,0.0,0.0,97.32,99.38,0.0,0.0,0.0,0.0,0.0,0.0,0.0,2.05,0.0,2.05,0.0
143.0,0.0,0.0,97.33,99.38,0.0,0.0,0.0,0.0,0.0,0.0,0.0,2.05,0.0,2.05,0.0
153.2,0.0,0.0,96.86,76.62,0.0,0.0,0.0,0.0,0.23,0.0,0.0,2.45,22.82,2.45,22.82
163.3,0.0,0.0,95.84,71.59,11.89,0.0,0.0,0.0,0.19,0.0,0.0,2.37,14.82,2.37,26.71
173.9,0.22,0.28,87.63,63.36,11.43,5.11,0.0,0.36,0.16,0.12,0.01,2.58,21.66,8.67,33.1
184.0,0.01,0.02,87.0,56.71,10.64,0.03,0.0,0.01,0.0,0.0,0.0,2.99,22.72,3.06,33.36
194.2,0.01,0.01,94.58,81.73,11.63,0.14,0.01,0.0,0.0,0.0,0.0,2.41,3.79,2.58,15.42
204.3,0.0,0.0,95.53,84.03,11.76,0.15,0.01,0.0,0.0,0.0,0.0,2.35,2.24,2.51,14.0
214.5,0.0,0.0,95.5,86.25,11.76,0.15,0.01,0.0,0.0,0.0,0.0,2.32,0.0,2.48,11.76
224.6,0.0,0.0,94.97,83.82,11.75,0.0,0.01,0.0,0.05,0.0,0.02,2.38,2.34,2.39,14.11
234.7,0.0,0.0,95.87,63.74,11.54,0.0,0.0,0.0,0.08,0.0,0.0,2.62,23.18,2.62,34.72
244.9,0.0,0.0,95.95,63.79,11.52,0.0,0.0,0.0,0.0,0.0,0.0,2.59,23.27,2.59,34.79
255.0,0.0,0.0,95.89,64.01,11.49,0.0,0.0,0.0,0.0,0.0,0.0,2.65,23.01,2.65,34.5
265.1,0.0,0.0,95.93,81.11,11.58,0.0,0.0,0.0,0.0,0.0,0.0,2.19,5.41,2.19,16.99
275.2,0.0,0.0,95.91,86.5,11.53,0.0,0.0,0.0,0.0,0.0,0.0,2.1,0.0,2.1,11.53
285.3,0.0,0.0,95.92,86.37,11.58,0.0,0.0,0.0,0.0,0.0,0.0,2.09,0.0,2.09,11.58
295.5,0.0,0.0,95.93,85.76,11.56,0.0,0.0,0.0,0.0,0.0,0.0,2.1,0.73,2.1,12.29
305.6,0.0,0.0,95.9,86.49,11.56,0.0,0.0,0.0,0.0,0.0,0.0,2.09,0.0,2.09,11.56
315.7,0.0,0.0,95.92,86.41,11.54,0.0,0.0,0.0,0.0,0.0,0.0,2.1,0.0,2.1,11.54
325.8,0.0,0.0,95.92,85.74,11.56,0.0,0.0,0.0,0.0,0.0,0.0,2.1,0.74,2.1,12.3
335.9,0.0,0.0,95.92,86.47,11.56,0.0,0.0,0.0,0.0,0.0,0.0,2.08,0.0,2.08,11.56
346.1,0.0,0.0,95.91,86.4,11.54,0.0,0.0,0.0,0.0,0.0,0.0,2.1,0.0,2.1,11.54
356.2,0.0,0.0,95.91,85.78,11.57,0.0,0.0,0.0,0.0,0.0,0.0,2.12,0.74,2.12,12.31
366.3,0.0,0.0,95.92,86.42,11.54,0.0,0.0,0.0,0.0,0.0,0.0,2.09,0.0,2.09,11.54
376.4,0.0,0.0,95.91,86.46,11.57,0.0,0.0,0.0,0.0,0.0,0.0,2.09,0.0,2.09,11.57
386.5,0.0,0.0,95.9,85.69,11.54,0.0,0.0,0.0,0.0,0.0,0.0,2.13,0.73,2.13,12.27
396.7,0.0,0.0,95.91,86.49,11.55,0.0,0.0,0.0,0.0,0.0,0.0,2.09,0.0,2.09,11.55
406.8,0.0,0.0,95.92,86.47,11.57,0.0,0.0,0.0,0.0,0.0,0.0,2.08,0.0,2.08,11.57
416.9,0.0,0.0,95.91,85.72,11.53,0.0,0.0,0.0,0.0,0.0,0.0,2.12,0.73,2.12,12.26
427.0,0.0,0.0,95.91,86.48,11.56,0.0,0.0,0.0,0.0,0.0,0.0,2.09,0.0,2.09,11.56
437.1,0.0,0.0,95.91,86.4,11.58,0.0,0.0,0.0,0.0,0.0,0.0,2.08,0.0,2.08,11.58
447.3,0.0,0.0,95.91,85.75,11.54,0.0,0.0,0.0,0.0,0.0,0.0,2.12,0.74,2.12,12.28
457.4,0.0,0.0,95.91,86.39,11.56,0.0,0.0,0.0,0.0,0.0,0.0,2.09,0.0,2.09,11.56
467.5,0.0,0.0,95.93,85.76,11.55,0.0,0.0,0.0,0.0,0.0,0.0,2.11,0.74,2.11,12.29
477.6,0.0,0.0,95.9,86.36,11.67,0.0,0.0,0.0,0.0,0.0,0.0,2.09,0.0,2.09,11.67
487.7,0.0,0.0,95.92,86.46,11.55,0.0,0.0,0.0,0.0,0.0,0.0,2.08,0.0,2.08,11.55
497.9,0.0,0.0,95.91,85.8,11.5,0.0,0.0,0.0,0.0,0.0,0.0,2.11,0.74,2.11,12.24
508.0,0.0,0.0,95.9,86.39,11.55,0.0,0.0,0.0,0.0,0.0,0.0,2.09,0.0,2.09,11.55
518.1,0.0,0.0,95.91,86.51,11.52,0.0,0.0,0.0,0.0,0.0,0.0,2.09,0.0,2.09,11.52
528.2,0.0,0.0,95.92,85.73,11.52,0.0,0.0,0.0,0.0,0.0,0.0,2.1,0.74,2.1,12.26
538.3,0.0,0.0,95.89,86.45,11.56,0.0,0.0,0.0,0.0,0.0,0.0,2.09,0.0,2.09,11.56
548.5,0.0,0.0,95.9,86.49,11.52,0.0,0.0,0.0,0.0,0.0,0.0,2.1,0.0,2.1,11.52
558.6,0.0,0.0,95.93,85.73,11.58,0.0,0.0,0.0,0.0,0.0,0.0,2.11,0.74,2.11,12.32
568.7,0.0,0.0,95.9,86.45,11.53,0.0,0.0,0.0,0.0,0.0,0.0,2.09,0.0,2.09,11.53
578.8,0.0,0.0,95.91,86.46,11.55,0.0,0.0,0.0,0.0,0.0,0.0,2.09,0.0,2.09,11.55
588.9,0.0,0.0,95.91,85.79,11.53,0.0,0.0,0.0,0.0,0.0,0.0,2.12,0.73,2.12,12.26
599.1,0.0,0.0,95.9,86.46,11.52,0.0,0.0,0.0,0.0,0.0,0.0,2.09,0.0,2.09,11.52
609.2,0.0,0.0,95.91,86.44,11.55,0.0,0.0,0.0,0.0,0.0,0.0,2.09,0.0,2.09,11.55
619.3,0.0,0.0,95.89,85.8,11.51,0.0,0.0,0.0,0.0,0.0,0.0,2.14,0.73,2.14,12.24
629.4,0.0,0.0,95.9,86.44,11.53,0.0,0.0,0.0,0.0,0.0,0.0,2.09,0.0,2.09,11.53
639.5,0.0,0.0,95.91,86.41,11.55,0.0,0.0,0.0,0.0,0.0,0.0,2.08,0.0,2.08,11.55
649.7,0.0,0.0,95.92,85.78,11.5,0.0,0.0,0.0,0.0,0.0,0.0,2.11,0.74,2.11,12.24
659.8,0.0,0.0,95.9,86.41,11.55,0.0,0.0,0.0,0.0,0.0,0.0,2.09,0.0,2.09,11.55
669.9,0.0,0.0,95.92,86.51,11.54,0.0,0.0,0.0,0.0,0.0,0.0,2.08,0.0,2.08,11.54
680.0,0.0,0.0,95.9,85.61,11.66,0.0,0.0,0.0,0.0,0.0,0.0,2.12,0.75,2.12,12.41
690.1,0.0,0.0,95.91,86.65,11.35,0.0,0.0,0.0,0.0,0.0,0.0,2.09,0.0,2.09,11.35
700.3,0.0,0.0,95.92,86.61,11.4,0.0,0.0,0.0,0.0,0.0,0.0,2.08,0.0,2.08,11.4
710.4,0.0,0.0,95.91,85.9,11.39,0.0,0.0,0.0,0.0,0.0,0.0,2.12,0.74,2.12,12.13
720.5,0.0,0.0,95.91,86.62,11.38,0.0,0.0,0.0,0.0,0.0,0.0,2.09,0.0,2.09,11.38
730.6,0.0,0.0,95.91,86.6,11.39,0.0,0.0,0.0,0.0,0.0,0.0,2.08,0.0,2.08,11.39
740.7,0.0,0.0,95.9,85.87,11.41,0.0,0.0,0.0,0.0,0.0,0.0,2.11,0.73,2.11,12.14
750.9,0.0,0.0,95.91,86.65,11.37,0.0,0.0,0.0,0.0,0.0,0.0,2.1,0.0,2.1,11.37
761.0,0.0,0.0,95.91,86.51,11.39,0.0,0.0,0.0,0.0,0.0,0.0,2.08,0.0,2.08,11.39
771.1,0.0,0.0,95.9,85.97,11.4,0.0,0.0,0.0,0.0,0.0,0.0,2.12,0.74,2.12,12.14
781.2,0.0,0.0,95.91,86.58,11.37,0.0,0.0,0.0,0.0,0.0,0.0,2.11,0.0,2.11,11.37
791.3,0.0,0.0,95.92,86.63,11.39,0.0,0.0,0.0,0.0,0.0,0.0,2.09,0.0,2.09,11.39
801.5,0.0,0.0,95.91,85.9,11.42,0.0,0.0,0.0,0.0,0.0,0.0,2.1,0.74,2.1,12.16
811.6,0.0,0.0,95.9,86.57,11.37,0.0,0.0,0.0,0.0,0.0,0.0,2.11,0.0,2.11,11.37
821.7,0.0,0.0,95.91,86.65,11.41,0.0,0.0,0.0,0.0,0.0,0.0,2.1,0.0,2.1,11.41
831.8,0.0,0.0,95.91,85.91,11.39,0.0,0.0,0.0,0.0,0.0,0.0,2.11,0.74,2.11,12.13
841.9,0.0,0.0,95.9,86.56,11.39,0.0,0.0,0.0,0.0,0.0,0.0,2.1,0.0,2.1,11.39
852.1,0.0,0.0,95.91,86.67,11.39,0.0,0.0,0.0,0.0,0.0,0.0,2.1,0.0,2.1,11.39
862.2,0.0,0.0,95.9,85.84,11.37,0.0,0.0,0.0,0.0,0.0,0.0,2.1,0.74,2.1,12.11
872.3,0.0,0.0,95.91,86.64,11.37,0.0,0.0,0.0,0.0,0.0,0.0,2.09,0.0,2.09,11.37
882.4,0.0,0.0,95.91,86.68,11.35,0.0,0.0,0.0,0.0,0.0,0.0,2.1,0.0,2.1,11.35
892.5,0.0,0.0,95.89,85.82,11.39,0.0,0.0,0.0,0.0,0.0,0.0,2.13,0.75,2.13,12.14
902.7,0.0,0.0,95.91,86.68,11.37,0.0,0.0,0.0,0.0,0.0,0.0,2.09,0.0,2.09,11.37
912.8,0.0,0.0,95.91,86.69,11.35,0.0,0.0,0.0,0.0,0.0,0.0,2.09,0.0,2.09,11.35
922.9,0.0,0.0,95.91,85.83,11.39,0.0,0.0,0.0,0.0,0.0,0.0,2.12,0.74,2.12,12.13
933.0,0.0,0.0,95.9,86.69,11.36,0.0,0.0,0.0,0.0,0.0,0.0,2.08,0.0,2.08,11.36
943.1,0.0,0.0,95.91,86.39,11.61,0.0,0.0,0.0,0.0,0.0,0.0,2.08,0.0,2.08,11.61
953.3,0.0,0.0,95.91,85.7,11.55,0.0,0.0,0.0,0.0,0.0,0.0,2.1,0.75,2.1,12.3
963.4,0.0,0.0,95.9,86.49,11.54,0.0,0.0,0.0,0.0,0.0,0.0,2.1,0.0,2.1,11.54
973.5,0.0,0.0,95.91,86.46,11.54,0.0,0.0,0.0,0.0,0.0,0.0,2.1,0.0,2.1,11.54
983.6,0.0,0.0,95.91,85.7,11.56,0.0,0.0,0.0,0.0,0.0,0.0,2.1,0.74,2.1,12.3
993.7,0.0,0.0,95.91,86.45,11.56,0.0,0.0,0.0,0.0,0.0,0.0,2.1,0.0,2.1,11.56
1003.9,0.0,0.0,95.92,86.52,11.51,0.0,0.0,0.0,0.0,0.0,0.0,2.1,0.0,2.1,11.51
1014.0,0.0,0.0,95.89,85.73,11.52,0.0,0.0,0.0,0.0,0.0,0.0,2.12,0.74,2.12,12.26
1024.1,0.0,0.0,95.9,86.45,11.54,0.0,0.0,0.0,0.0,0.0,0.0,2.1,0.0,2.1,11.54
1034.2,0.0,0.0,95.89,86.43,11.5,0.0,0.0,0.0,0.0,0.0,0.0,2.12,0.0,2.12,11.5
1044.3,0.0,0.0,95.88,85.77,11.54,0.0,0.0,0.0,0.0,0.0,0.0,2.14,0.75,2.14,12.29
1054.5,0.0,0.0,95.88,86.46,11.54,0.0,0.0,0.0,0.0,0.0,0.0,2.1,0.0,2.1,11.54
1064.6,0.0,0.0,95.88,86.45,11.5,0.0,0.0,0.0,0.0,0.0,0.0,2.09,0.0,2.09,11.5
1074.7,0.0,0.0,95.88,85.72,11.56,0.0,0.0,0.0,0.0,0.0,0.0,2.11,0.74,2.11,12.3
1084.8,0.0,0.0,95.89,86.49,11.52,0.0,0.0,0.0,0.0,0.0,0.0,2.11,0.0,2.11,11.52
1094.9,0.0,0.0,95.88,86.36,11.54,0.0,0.0,0.0,0.0,0.0,0.0,2.11,0.0,2.11,11.54
1105.1,0.0,0.0,95.87,85.76,11.53,0.0,0.0,0.0,0.0,0.0,0.0,2.12,0.74,2.12,12.27
1115.2,0.0,0.0,95.89,86.48,11.53,0.0,0.0,0.0,0.0,0.0,0.0,2.11,0.0,2.11,11.53
1125.3,0.0,0.0,95.88,86.45,11.53,0.0,0.0,0.0,0.0,0.0,0.0,2.09,0.0,2.09,11.53
1135.4,0.0,0.0,95.86,85.77,11.52,0.0,0.0,0.0,0.0,0.0,0.0,2.14,0.74,2.14,12.26
1145.5,0.0,0.0,95.89,86.44,11.56,0.0,0.0,0.0,0.0,0.0,0.0,2.11,0.0,2.11,11.56
1155.7,0.0,0.0,95.88,86.42,11.52,0.0,0.0,0.0,0.0,0.0,0.0,2.1,0.0,2.1,11.52
1165.8,0.0,0.0,95.87,85.74,11.55,0.0,0.0,0.0,0.0,0.0,0.0,2.13,0.73,2.13,12.28
1175.9,0.0,0.0,95.87,86.46,11.51,0.0,0.0,0.0,0.0,0.0,0.0,2.1,0.0,2.1,11.51
1186.0,0.0,0.0,95.88,86.38,11.54,0.0,0.0,0.0,0.0,0.0,0.0,2.11,0.0,2.11,11.54
1196.1,0.0,0.0,95.88,85.83,11.53,0.0,0.0,0.0,0.0,0.0,0.0,2.13,0.73,2.13,12.26
1206.3,0.0,0.0,95.89,86.39,11.55,0.0,0.0,0.0,0.0,0.0,0.0,2.1,0.0,2.1,11.55
1216.4,0.0,0.0,95.88,86.48,11.53,0.0,0.0,0.0,0.0,0.0,0.0,2.1,0.0,2.1,11.53
1226.5,0.0,0.0,95.88,85.77,11.51,0.0,0.0,0.0,0.0,0.0,0.0,2.12,0.73,2.12,12.24
1236.6,0.0,0.0,95.88,86.41,11.56,0.0,0.0,0.0,0.0,0.0,0.0,2.1,0.0,2.1,11.56
1246.7,0.0,0.0,95.87,86.47,11.51,0.0,0.0,0.0,0.0,0.0,0.0,2.12,0.0,2.12,11.51
1256.9,0.0,0.0,95.87,85.67,11.53,0.0,0.0,0.0,0.0,0.0,0.0,2.12,0.74,2.12,12.27
1267.0,0.0,0.0,95.88,86.5,11.54,0.0,0.0,0.0,0.0,0.0,0.0,2.1,0.0,2.1,11.54
1277.1,0.0,0.0,95.88,86.47,11.5,0.0,0.0,0.0,0.0,0.0,0.0,2.09,0.0,2.09,11.5
1287.2,0.0,0.0,95.88,85.74,11.54,0.0,0.0,0.0,0.0,0.0,0.0,2.13,0.74,2.13,12.28
1297.3,0.0,0.0,95.88,86.48,11.51,0.0,0.0,0.0,0.0,0.0,0.0,2.11,0.0,2.11,11.51
1307.5,0.0,0.0,95.88,86.44,11.53,0.0,0.0,0.0,0.0,0.0,0.0,2.1,0.0,2.1,11.53
1317.6,0.0,0.0,95.87,85.7,11.54,0.0,0.0,0.0,0.0,0.0,0.0,2.12,0.74,2.12,12.28
1327.7,0.0,0.0,95.89,86.47,11.51,0.0,0.0,0.0,0.0,0.0,0.0,2.1,0.0,2.1,11.51
1337.8,0.0,0.0,95.89,86.47,11.54,0.0,0.0,0.0,0.0,0.0,0.0,2.1,0.0,2.1,11.54
1347.9,0.0,0.0,95.88,85.52,11.67,0.0,0.0,0.0,0.0,0.0,0.0,2.12,0.74,2.12,12.41
1358.1,0.0,0.0,95.89,86.64,11.39,0.0,0.0,0.0,0.0,0.0,0.0,2.09,0.0,2.09,11.39
1368.2,0.0,0.0,95.88,86.65,11.33,0.0,0.0,0.0,0.0,0.0,0.0,2.1,0.0,2.1,11.33
1378.3,0.0,0.0,95.88,85.88,11.38,0.0,0.0,0.0,0.0,0.0,0.0,2.11,0.74,2.11,12.12
1388.4,0.0,0.0,95.88,86.64,11.38,0.0,0.0,0.0,0.0,0.0,0.0,2.11,0.0,2.11,11.38
1398.5,0.0,0.0,95.89,86.52,11.38,0.0,0.0,0.0,0.0,0.0,0.0,2.1,0.0,2.1,11.38
1408.7,0.0,0.0,95.88,85.88,11.4,0.0,0.0,0.0,0.0,0.0,0.0,2.13,0.75,2.13,12.15
1418.8,0.0,0.0,95.87,86.67,11.36,0.0,0.0,0.0,0.0,0.0,0.0,2.11,0.0,2.11,11.36
1428.9,0.0,0.0,95.89,86.59,11.37,0.0,0.0,0.0,0.0,0.0,0.0,2.1,0.0,2.1,11.37
1439.0,0.0,0.0,95.88,85.91,11.39,0.0,0.0,0.0,0.0,0.0,0.0,2.12,0.74,2.12,12.13
1449.1,0.0,0.0,95.88,86.63,11.36,0.0,0.0,0.0,0.0,0.0,0.0,2.11,0.0,2.11,11.36
1459.3,0.0,0.0,95.88,86.58,11.38,0.0,0.0,0.0,0.0,0.0,0.0,2.09,0.0,2.09,11.38
1469.4,0.0,0.0,95.89,85.85,11.38,0.0,0.0,0.0,0.0,0.0,0.0,2.12,0.74,2.12,12.12
1479.5,0.0,0.0,95.88,86.65,11.36,0.0,0.0,0.0,0.0,0.0,0.0,2.11,0.0,2.11,11.36
1489.6,0.0,0.0,95.89,86.64,11.37,0.0,0.0,0.0,0.0,0.0,0.0,2.1,0.0,2.1,11.37
1499.7,0.0,0.0,95.89,85.9,11.37,0.0,0.0,0.0,0.0,0.0,0.0,2.11,0.74,2.11,12.11
1509.9,0.0,0.0,95.89,86.61,11.36,0.0,0.0,0.0,0.0,0.0,0.0,2.1,0.0,2.1,11.36
1520.0,0.0,0.0,95.88,86.63,11.38,0.0,0.0,0.0,0.0,0.0,0.0,2.09,0.0,2.09,11.38
1530.1,0.0,0.0,95.89,85.91,11.38,0.0,0.0,0.0,0.0,0.0,0.0,2.13,0.74,2.13,12.12
1540.2,0.0,0.0,95.89,86.57,11.37,0.0,0.0,0.0,0.0,0.0,0.0,2.1,0.0,2.1,11.37
1550.3,0.0,0.0,95.88,85.98,11.38,0.0,0.0,0.0,0.0,0.0,0.0,2.11,0.64,2.11,12.02
1560.5,0.0,0.0,95.85,86.5,11.38,0.0,0.0,0.0,0.0,0.0,0.0,2.12,0.13,2.12,11.51
1570.6,0.0,0.0,95.9,86.61,11.4,0.0,0.0,0.0,0.0,0.0,0.0,2.11,0.0,2.11,11.4
1580.7,0.0,0.0,95.89,85.88,11.38,0.0,0.0,0.0,0.0,0.0,0.0,2.11,0.74,2.11,12.12
1590.8,0.0,0.0,95.87,86.55,11.39,0.0,0.0,0.0,0.0,0.0,0.0,2.12,0.0,2.12,11.39
1601.0,0.0,0.0,95.88,86.6,11.36,0.0,0.0,0.0,0.0,0.0,0.0,2.11,0.0,2.11,11.36
1611.1,0.0,0.0,95.89,85.94,11.37,0.0,0.0,0.0,0.0,0.0,0.0,2.12,0.74,2.12,12.11
1621.2,0.0,0.0,95.88,86.62,11.39,0.0,0.0,0.0,0.0,0.0,0.0,2.1,0.0,2.1,11.39
1631.3,0.0,0.0,95.88,86.43,11.52,0.0,0.0,0.0,0.0,0.0,0.0,2.09,0.0,2.09,11.52
1641.4,0.0,0.0,95.89,85.76,11.54,0.0,0.0,0.0,0.0,0.0,0.0,2.13,0.73,2.13,12.27
1651.6,0.0,0.0,95.86,86.46,11.49,0.0,0.0,0.0,0.0,0.0,0.0,2.12,0.0,2.12,11.49
1661.7,0.0,0.0,95.88,86.46,11.54,0.0,0.0,0.0,0.0,0.0,0.0,2.1,0.0,2.1,11.54
1671.8,0.0,0.0,95.88,85.74,11.52,0.0,0.0,0.0,0.0,0.0,0.0,2.13,0.74,2.13,12.26
1681.9,0.0,0.0,95.87,86.48,11.49,0.0,0.0,0.0,0.0,0.0,0.0,2.1,0.0,2.1,11.49
1692.0,0.0,0.0,95.89,86.4,11.53,0.0,0.0,0.0,0.0,0.0,0.0,2.1,0.0,2.1,11.53
1702.2,0.0,0.0,95.89,85.78,11.51,0.0,0.0,0.0,0.0,0.0,0.0,2.13,0.74,2.13,12.25
1712.3,0.0,0.0,95.87,86.46,11.55,0.0,0.0,0.0,0.0,0.0,0.0,2.11,0.0,2.11,11.55
1722.4,0.0,0.0,95.89,86.45,11.51,0.0,0.0,0.0,0.0,0.0,0.0,2.1,0.0,2.1,11.51
1732.5,0.0,0.0,95.89,85.72,11.56,0.0,0.0,0.0,0.0,0.0,0.0,2.12,0.73,2.12,12.29
1742.6,0.0,0.0,95.87,86.5,11.51,0.0,0.0,0.0,0.0,0.0,0.0,2.12,0.0,2.12,11.51
1752.8,0.0,0.0,95.88,86.38,11.55,0.0,0.0,0.0,0.0,0.0,0.0,2.09,0.0,2.09,11.55
1762.9,0.0,0.0,95.89,85.73,11.54,0.0,0.0,0.0,0.0,0.0,0.0,2.11,0.74,2.11,12.28
1773.0,0.0,0.0,95.87,86.5,11.5,0.0,0.0,0.0,0.0,0.0,0.0,2.11,0.0,2.11,11.5
1783.1,0.0,0.0,95.89,86.44,11.54,0.0,0.0,0.0,0.0,0.0,0.0,2.09,0.0,2.09,11.54
1793.2,0.0,0.0,95.88,85.76,11.53,0.0,0.0,0.0,0.0,0.0,0.0,2.13,0.74,2.13,12.27
1803.4,0.0,0.0,95.88,86.47,11.5,0.0,0.0,0.0,0.0,0.0,0.0,2.1,0.0,2.1,11.5
1813.5,0.0,0.0,95.88,86.42,11.54,0.0,0.0,0.0,0.0,0.0,0.0,2.1,0.0,2.1,11.54
1823.6,0.0,0.0,95.88,85.75,11.52,0.0,0.0,0.0,0.0,0.0,0.0,2.13,0.74,2.13,12.26
1833.7,0.0,0.0,95.88,86.49,11.53,0.0,0.0,0.0,0.0,0.0,0.0,2.1,0.0,2.1,11.53
1843.8,0.0,0.0,95.88,86.46,11.53,0.0,0.0,0.0,0.0,0.0,0.0,2.1,0.0,2.1,11.53
1854.0,0.0,0.0,95.86,85.71,11.54,0.0,0.0,0.0,0.0,0.0,0.0,2.14,0.74,2.14,12.28
1864.1,0.0,0.0,95.87,86.42,11.52,0.0,0.0,0.0,0.0,0.0,0.0,2.1,0.0,2.1,11.52
1874.2,0.0,0.0,95.89,86.47,11.52,0.0,0.0,0.0,0.0,0.0,0.0,2.11,0.0,2.11,11.52
1884.3,0.0,0.0,95.89,85.77,11.54,0.0,0.0,0.0,0.0,0.0,0.0,2.12,0.73,2.12,12.27
1894.4,0.0,0.0,95.88,86.48,11.52,0.0,0.0,0.0,0.0,0.0,0.0,2.1,0.0,2.1,11.52
1904.6,0.0,0.0,95.89,86.45,11.55,0.0,0.0,0.0,0.0,0.0,0.0,2.11,0.0,2.11,11.55
1914.7,0.0,0.0,95.88,85.7,11.55,0.0,0.0,0.0,0.0,0.0,0.0,2.12,0.74,2.12,12.29
1924.8,0.0,0.0,95.87,86.4,11.54,0.0,0.0,0.0,0.0,0.0,0.0,2.12,0.0,2.12,11.54
1934.9,0.0,0.0,95.88,86.5,11.52,0.0,0.0,0.0,0.0,0.0,0.0,2.11,0.0,2.11,11.52
1945.0,0.0,0.0,95.88,85.78,11.53,0.0,0.0,0.0,0.0,0.0,0.0,2.12,0.74,2.12,12.27
1955.2,0.0,0.0,95.89,86.28,11.65,0.0,0.0,0.0,0.0,0.0,0.0,2.1,0.0,2.1,11.65
1965.3,0.0,0.0,95.88,86.52,11.52,0.0,0.0,0.0,0.0,0.0,0.0,2.1,0.0,2.1,11.52
1975.4,0.0,0.0,95.89,85.74,11.53,0.0,0.0,0.0,0.0,0.0,0.0,2.13,0.74,2.13,12.27
1985.5,0.0,0.0,95.89,86.45,11.53,0.0,0.0,0.0,0.0,0.0,0.0,2.1,0.0,2.1,11.53
1995.6,0.0,0.0,95.89,86.45,11.52,0.0,0.0,0.0,0.0,0.0,0.0,2.12,0.0,2.12,11.52
2005.8,0.0,0.0,95.88,85.78,11.54,0.0,0.0,0.0,0.0,0.0,0.0,2.13,0.73,2.13,12.27
2015.9,0.0,0.0,95.88,86.39,11.55,0.0,0.0,0.0,0.0,0.0,0.0,2.1,0.0,2.1,11.55
2026.0,0.0,0.0,95.9,86.48,11.53,0.0,0.0,0.0,0.0,0.0,0.0,2.1,0.0,2.1,11.53
2036.1,0.0,0.0,95.88,85.79,11.51,0.0,0.0,0.0,0.0,0.0,0.0,2.13,0.73,2.13,12.24
2046.2,0.0,0.0,95.88,86.41,11.54,0.0,0.0,0.0,0.0,0.0,0.0,2.1,0.0,2.1,11.54
2056.4,0.0,0.0,95.89,86.52,11.51,0.0,0.0,0.0,0.0,0.0,0.0,2.11,0.0,2.11,11.51
2066.5,0.0,0.0,95.88,85.72,11.54,0.0,0.0,0.0,0.0,0.0,0.0,2.12,0.74,2.12,12.28
2076.6,0.0,0.0,95.88,86.4,11.54,0.0,0.0,0.0,0.0,0.0,0.0,2.1,0.0,2.1,11.54
2086.7,0.0,0.0,95.88,86.47,11.49,0.0,0.0,0.0,0.0,0.0,0.0,2.11,0.0,2.11,11.49
2096.8,0.0,0.0,95.87,85.74,11.55,0.0,0.0,0.0,0.0,0.0,0.0,2.13,0.74,2.13,12.29
2107.0,0.0,0.0,95.87,86.5,11.51,0.0,0.0,0.0,0.0,0.0,0.0,2.1,0.0,2.1,11.51
2117.1,0.0,0.0,95.9,86.46,11.53,0.0,0.0,0.0,0.0,0.0,0.0,2.1,0.0,2.1,11.53
2127.2,0.0,0.0,95.87,85.74,11.54,0.0,0.0,0.0,0.0,0.0,0.0,2.14,0.74,2.14,12.28
2137.3,0.0,0.0,95.88,86.46,11.52,0.0,0.0,0.0,0.0,0.0,0.0,2.12,0.0,2.12,11.52
2147.4,0.0,0.0,95.89,86.39,11.54,0.0,0.0,0.0,0.0,0.0,0.0,2.1,0.0,2.1,11.54
2157.6,0.0,0.0,95.9,85.79,11.53,0.0,0.0,0.0,0.0,0.0,0.0,2.11,0.73,2.11,12.26
2167.7,0.0,0.0,95.89,86.47,11.52,0.0,0.0,0.0,0.0,0.0,0.0,2.11,0.0,2.11,11.52
2177.8,0.0,0.0,95.89,86.49,11.53,0.0,0.0,0.0,0.0,0.0,0.0,2.09,0.0,2.09,11.53
2187.9,0.0,0.0,95.88,85.73,11.55,0.0,0.0,0.0,0.0,0.0,0.0,2.13,0.75,2.13,12.3
2198.0,0.0,0.0,95.88,86.46,11.53,0.0,0.0,0.0,0.0,0.0,0.0,2.11,0.0,2.11,11.53
2208.2,0.0,0.0,95.89,86.44,11.51,0.0,0.0,0.0,0.0,0.0,0.0,2.09,0.0,2.09,11.51
2218.3,0.0,0.0,95.88,85.68,11.56,0.0,0.0,0.0,0.0,0.0,0.0,2.13,0.74,2.13,12.3
2228.4,0.0,0.0,95.88,86.51,11.51,0.0,0.0,0.0,0.0,0.0,0.0,2.12,0.0,2.12,11.51
2238.5,0.0,0.0,95.89,86.48,11.53,0.0,0.0,0.0,0.0,0.0,0.0,2.1,0.0,2.1,11.53
2248.6,0.0,0.0,95.88,85.75,11.53,0.0,0.0,0.0,0.0,0.0,0.0,2.12,0.74,2.12,12.27
2258.8,0.0,0.0,95.87,86.46,11.51,0.0,0.0,0.0,0.0,0.0,0.0,2.1,0.0,2.1,11.51
2268.9,0.0,0.0,95.88,86.47,11.52,0.0,0.0,0.0,0.0,0.0,0.0,2.09,0.0,2.09,11.52
2279.0,0.0,0.0,95.86,85.73,11.51,0.0,0.0,0.0,0.0,0.0,0.0,2.15,0.74,2.15,12.25
2289.1,0.0,0.0,95.88,86.43,11.53,0.0,0.0,0.0,0.0,0.0,0.0,2.1,0.0,2.1,11.53
2299.2,0.0,0.0,95.89,86.54,11.51,0.0,0.0,0.0,0.0,0.0,0.0,2.1,0.0,2.1,11.51
2309.4,0.0,0.0,95.88,85.58,11.67,0.0,0.0,0.0,0.0,0.0,0.0,2.11,0.73,2.11,12.4
2319.5,0.0,0.0,95.88,86.41,11.52,0.0,0.0,0.0,0.0,0.0,0.0,2.12,0.0,2.12,11.52
2329.6,0.0,0.0,95.9,86.51,11.53,0.0,0.0,0.0,0.0,0.0,0.0,2.11,0.0,2.11,11.53
2339.7,0.0,0.0,95.89,85.73,11.55,0.0,0.0,0.0,0.0,0.0,0.0,2.12,0.75,2.12,12.3
2349.8,0.0,0.0,95.88,86.43,11.51,0.0,0.0,0.0,0.0,0.0,0.0,2.11,0.0,2.11,11.51
2360.0,0.0,0.0,95.89,86.5,11.52,0.0,0.0,0.0,0.0,0.0,0.0,2.1,0.0,2.1,11.52
2370.1,0.0,0.0,95.87,85.76,11.54,0.0,0.0,0.0,0.0,0.0,0.0,2.12,0.74,2.12,12.28
2380.2,0.0,0.0,95.89,86.49,11.51,0.0,0.0,0.0,0.0,0.0,0.0,2.11,0.0,2.11,11.51
2390.3,0.0,0.0,95.88,86.39,11.55,0.0,0.0,0.0,0.0,0.0,0.0,2.1,0.0,2.1,11.55
2400.4,0.0,0.0,95.87,85.77,11.55,0.0,0.0,0.0,0.0,0.0,0.0,2.14,0.73,2.14,12.28
2410.6,0.0,0.0,95.88,86.43,11.5,0.0,0.0,0.0,0.0,0.0,0.0,2.12,0.0,2.12,11.5
2420.7,0.0,0.0,95.88,86.47,11.55,0.0,0.0,0.0,0.0,0.0,0.0,2.1,0.0,2.1,11.55
2430.8,0.0,0.0,95.87,85.74,11.54,0.0,0.0,0.0,0.0,0.0,0.0,2.13,0.75,2.13,12.29
2440.9,0.0,0.0,95.88,86.44,11.51,0.0,0.0,0.0,0.0,0.0,0.0,2.1,0.0,2.1,11.51
2451.0,0.0,0.0,95.88,86.45,11.55,0.0,0.0,0.0,0.0,0.0,0.0,2.1,0.0,2.1,11.55
2461.2,0.0,0.0,95.88,85.68,11.52,0.0,0.0,0.0,0.0,0.0,0.0,2.13,0.74,2.13,12.26
2471.3,0.0,0.0,95.88,86.47,11.54,0.0,0.0,0.0,0.0,0.0,0.0,2.09,0.0,2.09,11.54
2481.4,0.0,0.0,95.89,85.76,12.27,0.0,0.0,0.0,0.0,0.0,0.0,2.1,0.0,2.1,12.27
2491.5,0.0,0.0,95.88,85.73,11.5,0.0,0.0,0.0,0.0,0.0,0.0,2.12,0.74,2.12,12.24
2501.6,0.0,0.0,95.87,86.48,11.52,0.0,0.0,0.0,0.0,0.0,0.0,2.1,0.0,2.1,11.52
2511.8,0.0,0.0,95.88,86.44,11.51,0.0,0.0,0.0,0.0,0.0,0.0,2.12,0.0,2.12,11.51
2521.9,0.0,0.0,95.88,85.78,11.53,0.0,0.0,0.0,0.0,0.0,0.0,2.13,0.74,2.13,12.27
2532.0,0.0,0.0,95.89,86.48,11.51,0.0,0.0,0.0,0.0,0.0,0.0,2.1,0.0,2.1,11.51
2542.1,0.0,0.0,95.89,86.47,11.5,0.0,0.0,0.0,0.0,0.0,0.0,2.1,0.0,2.1,11.5
2552.2,0.0,0.0,95.89,85.75,11.52,0.0,0.0,0.0,0.0,0.0,0.0,2.12,0.74,2.12,12.26
2562.4,0.0,0.0,95.87,86.51,11.52,0.0,0.0,0.0,0.0,0.0,0.0,2.11,0.0,2.11,11.52
2572.5,0.0,0.0,95.89,86.47,11.54,0.0,0.0,0.0,0.0,0.0,0.0,2.11,0.0,2.11,11.54
2582.6,0.0,0.0,95.88,85.68,11.54,0.0,0.0,0.0,0.0,0.0,0.0,2.11,0.73,2.11,12.27
2592.7,0.0,0.0,95.88,86.51,11.53,0.0,0.0,0.0,0.0,0.0,0.0,2.12,0.0,2.12,11.53
2602.8,0.0,0.0,95.89,86.42,11.51,0.0,0.0,0.0,0.0,0.0,0.0,2.11,0.0,2.11,11.51
2613.0,0.0,0.0,95.88,85.78,11.53,0.0,0.0,0.0,0.0,0.0,0.0,2.12,0.73,2.12,12.26
2623.1,0.0,0.0,95.88,86.49,11.51,0.0,0.0,0.0,0.0,0.0,0.0,2.09,0.0,2.09,11.51
2633.2,0.0,0.0,95.87,86.36,11.53,0.0,0.0,0.0,0.0,0.0,0.0,2.1,0.01,2.1,11.54
2643.3,0.0,0.0,95.88,85.74,11.53,0.0,0.0,0.0,0.0,0.0,0.0,2.12,0.74,2.12,12.27
2653.4,0.0,0.0,95.89,86.52,11.5,0.0,0.0,0.0,0.0,0.0,0.0,2.12,0.0,2.12,11.5
2663.6,0.0,0.0,95.89,85.75,11.54,0.0,0.0,0.0,0.0,0.0,0.0,2.13,0.75,2.13,12.29
2673.7,0.0,0.0,95.74,86.45,11.53,0.0,0.0,0.0,0.0,0.0,0.0,2.23,0.0,2.23,11.53
2683.8,0.0,0.0,95.64,86.46,11.51,0.0,0.0,0.0,0.0,0.0,0.0,2.33,0.0,2.33,11.51
2693.9,0.0,0.0,95.75,85.73,11.54,0.0,0.0,0.0,0.0,0.0,0.0,2.26,0.74,2.26,12.28
2704.1,0.0,0.0,95.78,86.42,11.53,0.0,0.0,0.0,0.0,0.0,0.0,2.2,0.0,2.2,11.53
2714.2,0.0,0.0,95.76,86.47,11.5,0.0,0.0,0.0,0.0,0.0,0.0,2.23,0.0,2.23,11.5
2724.3,0.0,0.0,95.77,85.61,11.7,0.0,0.0,0.0,0.0,0.0,0.0,2.22,0.74,2.22,12.44
2734.4,0.0,0.0,95.75,86.41,11.54,0.0,0.0,0.0,0.0,0.0,0.0,2.23,0.0,2.23,11.54
2744.5,0.0,0.0,95.74,86.48,11.54,0.0,0.0,0.0,0.0,0.0,0.0,2.26,0.0,2.26,11.54
2754.7,0.0,0.0,95.67,85.67,11.53,0.0,0.0,0.0,0.0,0.0,0.0,2.32,0.74,2.32,12.27
2765.3,0.21,0.32,89.49,76.76,11.68,5.35,0.0,0.34,0.2,0.0,0.01,2.45,9.99,8.67,21.68
2775.7,3.45,2.4,75.42,60.6,11.74,9.66,0.1,1.29,0.08,0.0,0.03,3.32,22.49,20.22,34.26
2788.4,32.89,14.56,18.68,58.15,10.74,21.39,0.99,6.41,0.21,0.0,0.0,2.24,28.1,78.48,38.84
2799.9,26.79,11.79,31.89,40.75,31.19,19.69,0.82,5.27,0.24,0.0,0.0,2.31,26.64,66.67,57.83
2811.7,34.11,14.71,19.23,35.76,39.84,21.89,1.05,6.4,0.0,0.0,0.0,2.06,23.87,80.22,63.71
2825.0,34.24,15.32,17.24,35.79,39.81,21.96,1.09,6.74,0.0,0.0,0.0,1.86,22.88,81.21,62.69
2836.1,30.83,13.88,24.94,56.64,40.1,19.61,0.91,6.17,0.0,0.0,0.0,2.06,1.67,73.46,41.77
2846.9,30.42,13.64,26.06,58.6,39.96,19.33,0.9,6.1,0.0,0.0,0.0,2.16,0.0,72.55,39.96
2858.1,30.45,13.88,25.08,57.56,39.79,19.44,0.88,6.26,0.0,0.0,0.0,2.12,0.8,73.03,40.59
2869.1,30.31,13.72,26.0,58.91,39.65,19.34,0.9,6.12,0.0,0.0,0.0,2.16,0.0,72.55,39.65
2880.0,30.2,13.56,25.94,58.47,39.57,19.14,0.89,6.11,0.0,0.0,0.0,2.19,0.0,72.09,39.57
2891.0,30.49,13.79,25.44,57.93,39.65,19.38,0.89,6.24,0.0,0.0,0.0,2.18,0.8,72.97,40.45
2902.1,30.23,13.6,25.97,58.2,40.01,19.24,0.92,6.11,0.0,0.0,0.0,2.15,0.0,72.25,40.01
2913.1,30.07,13.71,26.23,58.2,40.3,19.18,0.91,6.17,0.0,0.0,0.0,2.24,0.0,72.28,40.3
2924.3,30.15,13.7,25.78,57.38,40.02,19.31,0.91,6.22,0.0,0.0,0.0,2.12,0.79,72.41,40.81
2935.2,30.11,13.61,26.42,58.71,39.72,19.16,0.91,6.08,0.0,0.0,0.0,2.19,0.0,72.06,39.72
2946.1,29.72,13.34,26.98,57.71,39.5,18.9,0.91,5.96,0.0,0.0,0.0,2.17,0.79,71.0,40.29
2957.0,29.7,13.33,27.2,58.44,39.72,18.81,0.91,5.94,0.0,0.0,0.0,2.24,0.0,70.93,39.72
2967.9,29.75,13.42,27.09,59.15,39.0,18.84,0.91,6.04,0.0,0.0,0.0,2.17,0.0,71.13,39.0
2978.8,29.65,13.4,27.33,58.16,39.47,18.89,0.9,5.98,0.0,0.0,0.0,2.22,0.8,71.04,40.27
2989.7,29.5,13.39,27.23,58.88,39.11,18.78,0.9,6.04,0.0,0.0,0.0,2.18,0.0,70.79,39.11
3000.6,29.48,13.24,27.72,58.6,39.6,18.74,0.9,5.98,0.0,0.0,0.0,2.11,0.0,70.45,39.6
3011.5,29.56,13.26,27.56,57.83,39.45,18.84,0.9,5.94,0.0,0.0,0.0,2.13,0.79,70.63,40.24
3022.4,29.46,13.25,27.77,58.81,39.55,18.79,0.9,5.93,0.0,0.0,0.0,2.15,0.0,70.48,39.55
3033.2,29.27,13.12,27.71,58.31,39.54,18.67,0.89,5.9,0.0,0.0,0.0,2.28,0.0,70.13,39.54
3044.0,29.43,13.28,27.54,57.41,39.77,18.84,0.9,5.96,0.0,0.0,0.0,2.13,0.82,70.54,40.59
3054.8,29.46,13.29,27.68,57.98,40.16,18.69,0.9,5.9,0.0,0.0,0.0,2.14,0.0,70.38,40.16
3065.6,29.16,13.32,28.25,59.18,38.94,18.46,0.89,5.89,0.0,0.0,0.0,2.2,0.0,69.92,38.94
3076.5,29.31,13.11,28.1,57.88,39.15,18.39,0.88,5.85,0.0,0.0,0.0,2.18,0.81,69.72,39.96
3087.3,29.23,13.17,28.64,59.55,38.58,18.25,0.87,5.8,0.0,0.0,0.0,2.16,0.0,69.48,38.58
3098.1,29.21,13.21,28.2,58.19,38.95,18.39,0.88,5.87,0.0,0.0,0.0,2.21,0.83,69.77,39.78
3108.9,29.08,13.18,28.54,59.2,38.67,18.23,0.86,5.82,0.0,0.0,0.0,2.15,0.0,69.32,38.67
3119.8,29.16,13.22,28.56,59.17,38.73,18.1,0.86,5.81,0.0,0.0,0.0,2.16,0.0,69.31,38.73
3130.6,29.49,13.26,28.5,58.29,39.15,18.09,0.89,5.85,0.0,0.0,0.0,2.24,0.83,69.82,39.98
3141.5,29.25,13.18,28.74,58.7,39.03,17.69,0.87,5.81,0.0,0.0,0.0,2.17,0.0,68.97,39.03
3152.2,29.39,13.18,28.86,58.86,39.23,17.83,0.87,5.84,0.0,0.0,0.0,2.19,0.0,69.3,39.23
3163.0,29.34,13.3,28.8,58.64,38.77,17.75,0.88,5.81,0.0,0.0,0.0,2.25,0.82,69.33,39.59
3173.8,29.28,13.25,28.91,59.11,38.91,17.75,0.87,5.78,0.0,0.0,0.0,2.21,0.0,69.14,38.91
3184.7,29.35,13.22,28.69,58.53,39.3,17.75,0.86,5.82,0.0,0.0,0.0,2.15,0.0,69.15,39.3
3195.5,29.48,13.37,28.53,58.06,39.1,17.71,0.87,5.82,0.0,0.0,0.0,2.17,0.84,69.42,39.94
3206.3,29.32,13.22,28.99,58.87,38.87,17.34,0.93,5.81,0.0,0.0,0.0,2.15,0.0,68.77,38.87
3217.1,29.4,13.29,29.06,58.66,39.19,17.32,0.96,5.85,0.0,0.0,0.0,2.17,0.16,68.99,39.35
3227.9,29.47,13.33,29.03,57.92,39.38,17.25,0.95,5.8,0.0,0.0,0.0,2.09,0.67,68.89,40.05
3238.7,29.24,13.35,29.47,58.55,39.34,16.97,0.94,5.81,0.0,0.0,0.0,2.18,0.0,68.49,39.34
3249.5,29.4,13.31,29.21,57.93,39.32,17.09,0.95,5.85,0.0,0.0,0.0,2.17,0.82,68.77,40.14
3260.3,29.23,13.19,29.48,58.68,39.07,16.92,0.94,5.77,0.0,0.0,0.0,2.25,0.0,68.3,39.07
3271.0,29.35,13.26,29.42,58.43,39.49,16.92,0.94,5.83,0.0,0.0,0.0,2.22,0.0,68.52,39.49
3281.9,29.47,13.25,29.01,57.36,39.71,17.12,0.93,5.79,0.0,0.0,0.0,2.32,0.82,68.88,40.53
3292.7,29.3,13.32,29.13,58.38,39.51,17.23,0.94,5.86,0.0,0.0,0.0,2.2,0.0,68.85,39.51
3303.4,29.11,13.33,29.41,58.58,39.4,16.96,0.94,5.82,0.0,0.0,0.0,2.27,0.0,68.43,39.4
3314.3,29.36,13.46,29.6,57.25,40.21,16.91,0.95,5.84,0.0,0.0,0.0,2.21,0.82,68.73,41.03
3325.0,28.86,13.31,29.7,57.97,39.99,17.19,0.93,5.78,0.0,0.0,0.0,2.19,0.0,68.26,39.99
3335.8,28.62,13.14,29.63,58.01,39.87,17.72,0.89,5.73,0.0,0.0,0.0,2.15,0.0,68.25,39.87
3346.7,28.52,13.12,29.43,57.45,39.72,18.05,0.88,5.76,0.0,0.0,0.0,2.19,0.8,68.52,40.52
3357.4,28.46,13.08,29.37,58.2,39.76,18.22,0.89,5.75,0.0,0.0,0.0,2.21,0.0,68.61,39.76
3368.2,28.74,13.21,28.68,57.65,39.6,18.68,0.88,5.74,0.0,0.0,0.0,2.15,0.83,69.4,40.43
3379.0,28.84,13.19,28.54,58.21,40.04,18.8,0.89,5.75,0.0,0.0,0.0,2.18,0.0,69.65,40.04
3389.7,28.62,13.19,28.4,58.4,39.98,19.38,0.88,5.75,0.0,0.0,0.0,2.23,0.0,70.05,39.98
3400.6,28.03,12.92,28.14,57.43,39.9,20.4,0.84,5.67,0.0,0.0,0.0,2.09,0.81,69.95,40.71
3411.4,28.02,13.02,28.18,57.83,40.65,20.62,0.82,5.65,0.0,0.0,0.0,2.18,0.0,70.31,40.65
3422.2,27.85,12.96,28.03,57.16,40.88,20.56,0.82,5.64,0.0,0.0,0.0,2.15,0.0,69.98,40.88
3433.0,28.04,13.0,27.99,56.93,40.54,20.66,0.83,5.64,0.0,0.0,0.0,2.15,0.82,70.32,41.36
3443.7,27.95,13.03,28.05,57.94,40.28,20.64,0.83,5.63,0.0,0.0,0.0,2.16,0.0,70.24,40.28
3454.5,27.98,13.1,27.9,57.73,40.79,20.72,0.86,5.68,0.0,0.0,0.0,2.19,0.0,70.53,40.79
3465.4,27.99,13.28,27.56,57.37,40.12,20.77,0.88,5.72,0.0,0.0,0.0,2.15,0.83,70.79,40.95
3476.2,27.96,13.17,27.65,58.32,39.79,20.52,0.89,5.72,0.0,0.0,0.0,2.17,0.0,70.43,39.79
3487.0,28.01,13.14,27.7,58.56,39.58,20.56,0.88,5.72,0.0,0.0,0.0,2.21,0.0,70.52,39.58
3497.7,28.09,13.23,27.52,58.39,39.05,20.58,0.89,5.75,0.0,0.0,0.0,2.17,0.84,70.71,39.89
3508.4,27.44,13.09,28.25,60.92,36.93,20.24,0.91,5.79,0.0,0.0,0.0,2.19,0.0,69.66,36.93
3519.2,27.83,13.22,27.98,60.28,37.16,20.31,0.93,5.82,0.0,0.0,0.0,2.18,0.84,70.29,38.0
3530.1,28.06,13.2,27.59,60.29,37.6,20.2,0.92,5.76,0.0,0.0,0.0,2.17,0.0,70.31,37.6
3540.9,28.41,13.17,27.26,59.2,39.18,20.55,0.9,5.86,0.0,0.0,0.0,2.18,0.0,71.07,39.18
3551.8,28.67,13.13,26.98,57.93,39.6,20.6,0.89,5.95,0.0,0.0,0.0,2.14,0.81,71.38,40.41
3562.7,28.41,13.12,27.27,58.94,39.46,20.62,0.86,5.94,0.0,0.0,0.0,2.2,0.0,71.15,39.46
3573.5,28.35,13.16,27.1,58.59,39.63,20.7,0.83,5.91,0.0,0.0,0.0,2.14,0.0,71.09,39.63
3584.4,28.68,13.13,26.84,57.89,39.86,21.1,0.8,5.93,0.0,0.0,0.0,2.13,0.83,71.77,40.69
3595.3,27.63,12.7,26.01,58.18,40.27,23.46,0.77,5.73,0.0,0.0,0.0,2.13,0.0,72.42,40.27
3606.2,27.64,12.7,25.92,58.26,39.98,23.35,0.76,5.74,0.0,0.0,0.0,2.19,0.0,72.38,39.98
3617.1,28.02,12.77,25.68,57.54,40.16,23.39,0.77,5.73,0.0,0.0,0.0,2.12,0.81,72.8,40.97
3628.0,28.01,12.75,25.81,58.82,39.67,23.3,0.77,5.72,0.0,0.0,0.0,2.09,0.0,72.64,39.67
3638.9,28.23,12.74,25.8,58.84,39.59,23.04,0.76,5.7,0.0,0.0,0.0,2.17,0.0,72.64,39.59
3649.7,28.52,12.95,25.38,57.88,39.69,22.98,0.75,5.77,0.0,0.0,0.0,2.11,0.83,73.08,40.52
3660.6,28.58,12.98,25.49,58.87,39.68,22.8,0.74,5.76,0.0,0.0,0.0,2.17,0.0,73.03,39.68
3671.5,29.03,12.99,25.08,57.53,40.18,22.79,0.73,5.78,0.0,0.0,0.0,2.11,0.82,73.43,41.0
3682.4,29.0,12.88,25.45,58.84,39.63,22.57,0.74,5.73,0.0,0.0,0.0,2.09,0.0,73.01,39.63
3693.3,29.23,12.82,25.56,59.06,39.45,22.26,0.74,5.78,0.0,0.0,0.0,2.14,0.0,72.97,39.45
3704.2,29.38,12.84,25.46,58.37,39.33,22.13,0.76,5.77,0.0,0.0,0.0,2.18,0.82,73.06,40.15
3715.2,29.3,13.02,25.56,58.98,39.47,21.93,0.75,5.89,0.0,0.0,0.0,2.12,0.0,73.01,39.47
3726.2,29.38,13.08,25.52,58.96,39.66,21.82,0.76,5.85,0.0,0.0,0.0,2.12,0.0,73.01,39.66
3737.0,29.57,13.1,25.21,57.46,40.11,21.76,0.76,5.88,0.0,0.0,0.0,2.15,0.82,73.22,40.93
3748.0,29.53,13.11,25.74,59.71,38.97,21.51,0.76,5.85,0.0,0.0,0.0,2.18,0.0,72.94,38.97
3758.9,29.51,13.12,25.66,59.24,39.29,21.43,0.76,5.9,0.0,0.0,0.0,2.16,0.0,72.88,39.29
3769.8,29.86,13.11,25.47,57.92,39.85,21.34,0.76,5.84,0.0,0.0,0.0,2.13,0.81,73.04,40.66
3780.8,29.62,13.15,25.89,58.48,39.75,20.96,0.75,5.8,0.0,0.0,0.0,2.12,0.0,72.4,39.75
3791.8,29.64,13.12,25.9,58.84,38.54,20.72,0.76,5.82,0.0,0.0,0.0,2.22,0.82,72.28,39.36
3802.8,29.83,13.23,26.05,59.47,38.94,20.62,0.75,5.85,0.0,0.0,0.0,2.13,0.0,72.41,38.94
3813.8,29.99,13.34,26.18,58.47,40.18,20.42,0.74,5.84,0.0,0.0,0.0,2.14,0.0,72.47,40.18
3824.7,30.08,13.29,25.9,57.78,39.8,20.32,0.74,5.87,0.0,0.0,0.0,2.16,0.82,72.46,40.62
3835.5,30.02,13.19,26.33,59.26,38.97,20.0,0.74,5.8,0.0,0.0,0.0,2.14,0.0,71.89,38.97
3846.5,30.17,13.26,26.32,59.33,38.87,19.76,0.73,5.77,0.0,0.0,0.0,2.18,0.0,71.87,38.87
3857.4,30.46,13.24,25.98,58.15,39.04,19.66,0.73,5.8,0.0,0.0,0.0,2.12,0.82,72.01,39.86
3868.2,30.6,13.29,26.5,59.14,39.4,19.58,0.75,5.78,0.0,0.0,0.0,2.12,0.0,72.12,39.4
3879.2,30.42,13.39,26.27,59.12,39.08,19.42,0.72,5.81,0.0,0.0,0.0,2.11,0.0,71.87,39.08
3890.0,30.51,13.43,26.41,58.73,38.81,19.4,0.74,5.8,0.0,0.0,0.0,2.14,0.81,72.02,39.62
3900.9,30.59,13.38,26.51,59.44,39.1,19.27,0.75,5.84,0.0,0.0,0.0,2.12,0.0,71.95,39.1
3911.8,30.61,13.37,26.36,58.37,39.0,19.24,0.74,5.83,0.0,0.0,0.0,2.11,0.82,71.9,39.82
3922.7,30.51,13.45,26.61,59.03,39.23,18.99,0.74,5.82,0.0,0.0,0.0,2.13,0.0,71.64,39.23
3933.7,30.36,13.36,26.82,58.66,39.56,18.96,0.73,5.81,0.0,0.0,0.0,2.14,0.0,71.36,39.56
3944.7,30.44,13.28,26.8,58.42,38.79,18.75,0.73,5.79,0.0,0.0,0.0,2.21,0.79,71.2,39.58
3955.6,30.51,13.28,26.87,59.29,38.72,18.81,0.73,5.81,0.0,0.0,0.0,2.14,0.0,71.28,38.72
3966.5,30.61,13.29,26.42,58.91,39.18,18.85,0.73,5.83,0.0,0.0,0.0,2.29,0.0,71.6,39.18
3977.5,30.73,13.48,26.19,57.79,39.57,19.03,0.73,5.87,0.0,0.0,0.0,2.14,0.83,71.98,40.4
3988.5,30.54,13.29,26.52,58.68,39.34,18.95,0.73,5.83,0.0,0.0,0.0,2.13,0.0,71.47,39.34
3999.5,30.53,13.33,26.49,58.84,39.18,19.05,0.73,5.82,0.0,0.0,0.0,2.13,0.0,71.59,39.18
4010.3,30.63,13.33,26.46,58.16,39.25,19.0,0.74,5.84,0.0,0.0,0.0,2.17,0.81,71.71,40.06
4021.2,30.63,13.39,26.83,58.51,39.94,18.93,0.74,5.86,0.0,0.0,0.0,2.15,0.0,71.7,39.94
4032.1,30.47,13.38,26.72,57.91,39.49,18.9,0.73,5.81,0.0,0.0,0.0,2.15,0.81,71.44,40.3
4043.0,30.46,13.32,26.75,58.7,39.43,18.97,0.73,5.87,0.0,0.0,0.0,2.14,0.0,71.49,39.43
4053.8,30.47,13.34,26.71,58.7,39.57,18.91,0.73,5.86,0.0,0.0,0.0,2.11,0.0,71.42,39.57
4064.8,30.67,13.48,26.55,58.08,39.62,19.08,0.71,5.94,0.0,0.0,0.0,2.13,0.82,72.01,40.44
4075.7,30.35,13.26,26.89,58.6,39.51,18.88,0.72,5.82,0.0,0.0,0.0,2.12,0.0,71.15,39.51
4086.6,30.41,13.29,26.84,59.11,39.13,19.09,0.72,5.87,0.0,0.0,0.0,2.1,0.0,71.48,39.13
4097.7,30.29,13.34,26.66,57.86,39.42,18.98,0.73,5.91,0.0,0.0,0.0,2.15,0.8,71.4,40.22
4108.5,30.12,13.33,27.05,58.71,39.53,18.9,0.71,5.94,0.0,0.0,0.0,2.15,0.0,71.15,39.53
4119.4,30.04,13.35,27.03,58.6,39.61,18.97,0.72,5.94,0.0,0.0,0.0,2.14,0.0,71.16,39.61
4130.3,30.21,13.38,26.78,57.91,39.51,19.03,0.73,5.93,0.0,0.0,0.0,2.13,0.8,71.41,40.31
4141.2,29.65,13.35,27.49,58.76,39.4,18.91,0.71,5.95,0.0,0.0,0.0,2.14,0.0,70.71,39.4
4152.0,29.89,13.46,27.31,57.94,39.62,18.91,0.71,5.93,0.0,0.0,0.0,2.19,0.82,71.09,40.44
4163.0,29.57,13.23,27.69,58.67,39.15,18.55,0.7,5.88,0.0,0.0,0.0,2.15,0.0,70.08,39.15
4173.9,29.62,13.29,27.81,58.83,39.24,18.65,0.71,5.89,0.0,0.0,0.0,2.12,0.0,70.28,39.24
4184.8,29.46,13.28,27.79,57.23,40.03,18.78,0.72,5.89,0.0,0.0,0.0,2.17,0.81,70.3,40.84
4195.6,29.27,13.28,28.16,58.52,39.68,18.73,0.72,5.89,0.0,0.0,0.0,2.18,0.0,70.07,39.68
4206.4,29.1,13.11,28.51,58.61,39.23,18.43,0.72,5.83,0.0,0.0,0.0,2.12,0.0,69.31,39.23
4217.1,29.38,13.26,28.17,58.02,39.37,18.59,0.72,5.91,0.0,0.0,0.0,2.2,0.82,70.06,40.19
4228.0,29.01,13.28,28.44,58.67,39.13,18.38,0.73,5.81,0.0,0.0,0.0,2.13,0.0,69.34,39.13
4238.8,29.01,13.23,29.05,59.59,38.35,17.93,0.71,5.78,0.0,0.0,0.0,2.19,0.0,68.85,38.35
4249.7,29.26,13.34,29.0,57.47,39.88,17.85,0.72,5.83,0.0,0.0,0.0,2.19,0.82,69.19,40.7
4260.5,29.05,13.34,29.24,57.89,40.15,17.67,0.72,5.84,0.0,0.0,0.0,2.16,0.0,68.78,40.15
4271.3,29.12,13.47,29.16,57.95,40.28,17.75,0.71,5.82,0.0,0.0,0.0,2.21,0.0,69.08,40.28
4282.2,29.13,13.33,29.07,57.42,39.45,17.53,0.71,5.82,0.0,0.0,0.0,2.17,0.81,68.69,40.26
4292.9,29.16,13.33,29.44,58.13,39.77,17.21,0.71,5.84,0.0,0.0,0.0,2.14,0.0,68.39,39.77
4303.6,29.24,13.32,29.67,57.69,39.54,17.09,0.72,5.85,0.0,0.0,0.0,2.23,0.82,68.45,40.36
4314.4,28.83,13.32,30.26,59.06,38.81,16.73,0.7,5.79,0.0,0.0,0.0,2.19,0.0,67.56,38.81
4325.2,29.19,13.26,30.16,58.16,39.86,16.8,0.7,5.73,0.0,0.0,0.0,2.23,0.0,67.91,39.86
4336.0,29.54,13.37,29.39,57.02,40.32,17.09,0.7,5.81,0.0,0.0,0.0,2.25,0.83,68.76,41.15
4346.8,29.36,13.18,29.31,58.68,39.19,17.26,0.74,5.79,0.0,0.0,0.0,2.22,0.0,68.55,39.19
4357.6,29.06,13.31,29.25,59.03,38.84,17.47,0.78,5.8,0.0,0.0,0.0,2.23,0.0,68.65,38.84
4368.5,29.06,13.35,28.55,57.44,39.9,18.36,0.78,5.85,0.0,0.0,0.0,2.15,0.82,69.55,40.72
4379.3,29.04,13.37,28.3,58.04,40.19,18.82,0.77,5.85,0.0,0.0,0.0,2.14,0.0,69.99,40.19
4390.1,29.0,13.32,27.75,58.29,39.69,19.22,0.77,5.8,0.0,0.0,0.0,2.2,0.0,70.31,39.69
4401.0,28.73,13.35,27.33,58.04,39.22,19.9,0.79,5.78,0.0,0.0,0.0,2.13,0.8,70.68,40.02
4411.8,28.42,13.1,27.28,58.79,39.4,20.86,0.79,5.72,0.0,0.0,0.0,2.14,0.0,71.03,39.4
4422.6,28.37,13.06,27.22,58.4,39.89,20.92,0.79,5.66,0.0,0.0,0.0,2.2,0.0,71.0,39.89
4433.6,28.56,13.09,26.83,57.8,39.76,21.19,0.8,5.7,0.0,0.0,0.0,2.13,0.8,71.47,40.56
4444.4,28.29,13.13,27.09,59.18,39.12,21.14,0.81,5.7,0.0,0.0,0.0,2.14,0.0,71.21,39.12
4455.3,28.4,13.25,26.53,58.11,39.05,21.2,0.8,5.77,0.0,0.0,0.0,2.14,0.8,71.56,39.85
4466.1,28.51,13.2,26.81,59.26,39.23,21.18,0.81,5.74,0.0,0.0,0.0,2.16,0.0,71.6,39.23
4476.9,28.44,13.26,26.61,59.11,38.99,20.91,0.82,5.82,0.0,0.0,0.0,2.24,0.0,71.49,38.99
4487.8,28.5,13.31,26.39,58.28,38.96,20.94,0.82,5.88,0.0,0.0,0.0,2.21,0.81,71.66,39.77
4498.7,28.71,13.37,26.45,58.8,39.47,20.91,0.82,5.9,0.0,0.0,0.0,2.12,0.0,71.83,39.47
4509.4,28.75,13.44,26.73,59.13,39.55,20.78,0.81,5.98,0.0,0.0,0.0,2.17,0.0,71.93,39.55
4520.3,28.72,13.37,26.77,58.79,38.95,20.74,0.79,5.96,0.0,0.0,0.0,2.16,0.81,71.74,39.76
4531.2,28.64,13.33,26.62,59.01,39.43,20.99,0.79,5.94,0.0,0.0,0.0,2.17,0.0,71.86,39.43
4542.1,27.06,12.88,26.06,59.12,39.02,23.47,0.78,5.69,0.0,0.0,0.0,2.14,0.0,72.02,39.02
4553.0,27.69,13.11,25.42,57.59,39.93,23.59,0.78,5.74,0.0,0.0,0.0,2.11,0.8,73.02,40.73
4564.0,28.05,13.05,25.22,58.57,39.92,23.48,0.77,5.75,0.0,0.0,0.0,2.08,0.0,73.18,39.92
4575.0,28.44,13.07,24.95,57.08,40.49,23.23,0.78,5.76,0.0,0.0,0.0,2.14,0.79,73.42,41.28
4586.0,28.73,13.22,24.94,57.61,41.08,23.08,0.78,5.79,0.0,0.0,0.0,2.13,0.0,73.73,41.08
4597.0,28.83,13.09,24.98,58.59,39.82,22.92,0.76,5.77,0.0,0.0,0.0,2.07,0.0,73.44,39.82
4607.9,0.0,0.0,37.93,64.01,31.25,0.0,0.63,0.0,0.03,0.0,0.03,1.75,2.58,2.38,33.86
4618.0,0.0,0.0,96.59,42.01,35.08,0.0,0.0,0.0,0.02,0.0,0.0,2.9,22.47,2.9,57.55
4628.1,0.0,0.0,96.74,40.5,37.8,0.0,0.0,0.0,0.0,0.0,0.0,2.71,21.05,2.71,58.85
4638.3,0.0,0.0,96.85,39.67,38.56,0.0,0.0,0.0,0.0,0.0,0.0,2.67,21.39,2.67,59.95
4648.4,0.0,0.0,97.04,58.43,38.4,0.0,0.0,0.0,0.0,0.0,0.0,2.16,2.34,2.16,40.74
4658.5,0.0,0.0,97.12,61.9,37.3,0.0,0.0,0.0,0.0,0.0,0.0,2.1,0.0,2.1,37.3
4668.6,0.0,0.0,97.13,62.33,36.89,0.0,0.0,0.0,0.0,0.0,0.0,2.09,0.0,2.09,36.89
4678.7,0.0,0.0,97.08,61.29,37.2,0.0,0.0,0.0,0.0,0.0,0.0,2.11,0.75,2.11,37.95
4688.9,0.0,0.0,97.12,61.72,37.51,0.0,0.0,0.0,0.0,0.0,0.0,2.1,0.0,2.1,37.51
4699.0,0.0,0.0,97.12,61.1,38.1,0.0,0.0,0.0,0.0,0.0,0.0,2.09,0.0,2.09,38.1
4709.1,0.0,0.0,97.08,61.51,36.95,0.0,0.0,0.0,0.0,0.0,0.0,2.12,0.75,2.12,37.7
4719.2,0.0,0.0,97.09,62.05,37.11,0.0,0.0,0.0,0.0,0.0,0.0,2.1,0.0,2.1,37.11
4729.4,0.0,0.0,97.09,61.84,37.04,0.0,0.0,0.0,0.0,0.0,0.0,2.1,0.28,2.1,37.32
4739.5,0.0,0.0,97.12,61.69,37.12,0.0,0.0,0.0,0.0,0.0,0.0,2.11,0.48,2.11,37.6
4749.6,0.0,0.0,97.14,61.72,37.46,0.0,0.0,0.0,0.0,0.0,0.0,2.1,0.0,2.1,37.46
4759.7,0.0,0.0,97.12,61.22,37.32,0.0,0.0,0.0,0.0,0.0,0.0,2.13,0.76,2.13,38.08
4769.8,0.0,0.0,97.13,62.1,37.11,0.0,0.0,0.0,0.0,0.0,0.0,2.1,0.0,2.1,37.11
4780.0,0.0,0.0,97.11,62.58,36.64,0.0,0.0,0.0,0.0,0.0,0.0,2.1,0.0,2.1,36.64
4790.1,0.0,0.0,97.09,61.65,36.77,0.0,0.0,0.0,0.0,0.0,0.0,2.12,0.75,2.12,37.52
4800.2,0.0,0.0,97.12,62.41,36.77,0.0,0.0,0.0,0.0,0.0,0.0,2.1,0.0,2.1,36.77
4810.3,0.0,0.0,97.11,62.33,36.93,0.0,0.0,0.0,0.0,0.0,0.0,2.09,0.0,2.09,36.93
4820.5,0.0,0.0,97.06,61.21,37.24,0.0,0.0,0.0,0.0,0.0,0.0,2.14,0.77,2.14,38.01
4830.6,0.0,0.0,97.1,61.23,37.93,0.0,0.0,0.0,0.0,0.0,0.0,2.09,0.0,2.09,37.93
4840.7,0.0,0.0,97.1,61.12,38.05,0.0,0.0,0.0,0.0,0.0,0.0,2.1,0.0,2.1,38.05
4850.8,0.0,0.0,97.12,60.98,37.53,0.0,0.0,0.0,0.0,0.0,0.0,2.12,0.75,2.12,38.28
4860.9,0.0,0.0,97.1,62.05,37.18,0.0,0.0,0.0,0.0,0.0,0.0,2.11,0.0,2.11,37.18
4871.1,0.0,0.0,97.1,62.15,37.09,0.0,0.0,0.0,0.0,0.0,0.0,2.09,0.0,2.09,37.09
4881.2,0.0,0.0,97.11,60.66,37.75,0.0,0.0,0.0,0.0,0.0,0.0,2.11,0.75,2.11,38.5
4891.3,0.0,0.0,97.12,61.75,37.51,0.0,0.0,0.0,0.0,0.0,0.0,2.1,0.0,2.1,37.51
4901.4,0.0,0.0,97.12,62.17,36.98,0.0,0.0,0.0,0.0,0.0,0.0,2.09,0.0,2.09,36.98
4911.6,0.0,0.0,97.11,61.72,36.79,0.0,0.0,0.0,0.0,0.0,0.0,2.13,0.76,2.13,37.55
4921.7,0.0,0.0,97.13,62.24,37.01,0.0,0.0,0.0,0.0,0.0,0.0,2.11,0.0,2.11,37.01
4931.8,0.0,0.0,97.12,62.28,36.93,0.0,0.0,0.0,0.0,0.0,0.0,2.09,0.0,2.09,36.93
4941.9,0.0,0.0,97.11,61.31,37.18,0.0,0.0,0.0,0.0,0.0,0.0,2.11,0.75,2.11,37.93
4952.1,0.0,0.0,97.08,61.7,37.45,0.0,0.0,0.0,0.0,0.0,0.0,2.09,0.0,2.09,37.45
4962.2,0.0,0.0,97.13,61.66,37.52,0.0,0.0,0.0,0.0,0.0,0.0,2.09,0.0,2.09,37.52
4972.3,0.0,0.0,97.1,61.35,37.17,0.0,0.0,0.0,0.0,0.0,0.0,2.12,0.75,2.12,37.92
4982.4,0.0,0.0,97.15,62.13,37.11,0.0,0.0,0.0,0.0,0.0,0.0,2.1,0.0,2.1,37.11
4992.5,0.0,0.0,97.11,62.19,37.0,0.0,0.0,0.0,0.0,0.0,0.0,2.1,0.0,2.1,37.0
5002.7,0.0,0.0,97.12,61.35,37.17,0.0,0.0,0.0,0.0,0.0,0.0,2.12,0.76,2.12,37.93
5012.8,0.0,0.0,97.1,62.99,36.18,0.0,0.0,0.0,0.0,0.0,0.0,2.1,0.0,2.1,36.18
5022.9,0.0,0.0,97.11,63.07,36.14,0.0,0.0,0.0,0.0,0.0,0.0,2.09,0.0,2.09,36.14
5033.0,0.0,0.0,97.13,61.26,37.26,0.0,0.0,0.0,0.0,0.0,0.0,2.12,0.76,2.12,38.02
5043.1,0.0,0.0,97.1,61.55,37.63,0.0,0.0,0.0,0.0,0.0,0.0,2.1,0.0,2.1,37.63
5053.3,0.0,0.0,97.14,61.74,37.5,0.0,0.0,0.0,0.0,0.0,0.0,2.1,0.0,2.1,37.5
5063.4,0.0,0.0,97.1,61.56,36.86,0.0,0.0,0.0,0.0,0.0,0.0,2.12,0.75,2.12,37.61
5073.5,0.0,0.0,97.15,62.6,36.65,0.0,0.0,0.0,0.0,0.0,0.0,2.1,0.0,2.1,36.65
5083.6,0.0,0.0,97.13,61.78,37.49,0.0,0.0,0.0,0.0,0.0,0.0,2.1,0.0,2.1,37.49
5093.7,0.0,0.0,97.14,61.24,37.25,0.0,0.0,0.0,0.0,0.0,0.0,2.11,0.75,2.11,38.0
5103.9,0.0,0.0,97.1,62.21,36.98,0.0,0.0,0.0,0.0,0.0,0.0,2.1,0.0,2.1,36.98
5114.0,0.0,0.0,97.12,62.48,36.68,0.0,0.0,0.0,0.0,0.0,0.0,2.1,0.0,2.1,36.68
5124.1,0.0,0.0,97.09,61.67,36.88,0.0,0.0,0.0,0.0,0.0,0.0,2.12,0.75,2.12,37.63
5134.2,0.0,0.0,97.13,62.16,36.98,0.0,0.0,0.0,0.0,0.0,0.0,2.1,0.0,2.1,36.98
5144.3,0.0,0.0,97.12,62.68,36.58,0.0,0.0,0.0,0.0,0.0,0.0,2.1,0.0,2.1,36.58
5154.5,0.0,0.0,97.12,61.71,36.81,0.0,0.0,0.0,0.0,0.0,0.0,2.12,0.75,2.12,37.56
5164.6,0.0,0.0,97.1,62.27,36.89,0.0,0.0,0.0,0.0,0.0,0.0,2.1,0.0,2.1,36.89
5174.7,0.0,0.0,97.15,62.53,36.74,0.0,0.0,0.0,0.0,0.0,0.0,2.09,0.0,2.09,36.74
5184.8,0.0,0.0,97.09,61.69,36.77,0.0,0.0,0.0,0.0,0.0,0.0,2.13,0.77,2.13,37.54
5194.9,0.0,0.0,97.12,62.5,36.7,0.0,0.0,0.0,0.0,0.0,0.0,2.1,0.0,2.1,36.7
5205.1,0.0,0.0,97.17,63.39,35.88,0.0,0.0,0.0,0.0,0.0,0.0,2.09,0.0,2.09,35.88
5215.2,0.0,0.0,97.12,62.47,36.05,0.0,0.0,0.0,0.0,0.0,0.0,2.13,0.75,2.13,36.8
5225.3,0.0,0.0,97.12,62.84,36.3,0.0,0.0,0.0,0.0,0.0,0.0,2.09,0.0,2.09,36.3
5235.4,0.0,0.0,97.15,62.67,36.58,0.0,0.0,0.0,0.0,0.0,0.0,2.1,0.0,2.1,36.58
5245.5,0.0,0.0,97.15,61.99,36.52,0.0,0.0,0.0,0.0,0.0,0.0,2.13,0.76,2.13,37.28
5255.7,0.0,0.0,97.13,62.75,36.51,0.0,0.0,0.0,0.0,0.0,0.0,2.1,0.0,2.1,36.51
5265.8,0.0,0.0,97.14,62.15,37.12,0.0,0.0,0.0,0.0,0.0,0.0,2.09,0.0,2.09,37.12
5275.9,0.0,0.0,97.08,61.29,37.16,0.0,0.0,0.0,0.0,0.0,0.0,2.12,0.75,2.12,37.91
5286.0,0.0,0.0,97.13,62.01,37.22,0.0,0.0,0.0,0.0,0.0,0.0,2.09,0.0,2.09,37.22
5296.1,0.0,0.0,97.12,62.08,37.12,0.0,0.0,0.0,0.0,0.0,0.0,2.08,0.0,2.08,37.12
5306.3,0.0,0.0,97.1,62.08,36.4,0.0,0.0,0.0,0.0,0.0,0.0,2.12,0.74,2.12,37.14
5316.4,0.0,0.0,97.16,62.72,36.55,0.0,0.0,0.0,0.0,0.0,0.0,2.1,0.0,2.1,36.55
5326.5,0.0,0.0,97.1,62.23,36.93,0.0,0.0,0.0,0.0,0.0,0.0,2.1,0.0,2.1,36.93
5336.6,0.0,0.0,97.09,61.92,36.6,0.0,0.0,0.0,0.0,0.0,0.0,2.12,0.75,2.12,37.35
5346.7,0.0,0.0,97.17,62.8,36.38,0.0,0.0,0.0,0.0,0.0,0.0,2.1,0.0,2.1,36.38
5356.9,0.0,0.0,97.15,62.46,36.82,0.0,0.0,0.0,0.0,0.0,0.0,2.11,0.0,2.11,36.82
5367.0,0.0,0.0,97.12,61.76,36.72,0.0,0.0,0.0,0.0,0.0,0.0,2.11,0.76,2.11,37.48
5377.1,0.0,0.0,97.15,62.71,36.56,0.0,0.0,0.0,0.0,0.0,0.0,2.11,0.0,2.11,36.56
5387.2,0.0,0.0,97.12,62.63,36.61,0.0,0.0,0.0,0.0,0.0,0.0,2.09,0.0,2.09,36.61
5397.3,0.0,0.0,97.09,61.74,36.68,0.0,0.0,0.0,0.0,0.0,0.0,2.14,0.76,2.14,37.44
5407.5,0.0,0.0,97.09,61.83,37.33,0.0,0.0,0.0,0.0,0.0,0.0,2.1,0.0,2.1,37.33
5417.6,0.0,0.0,97.1,62.16,37.05,0.0,0.0,0.0,0.0,0.0,0.0,2.1,0.0,2.1,37.05
5427.7,0.0,0.0,97.16,62.97,35.63,0.0,0.0,0.0,0.0,0.0,0.0,2.12,0.75,2.12,36.38
5437.8,0.0,0.0,97.11,63.34,35.87,0.0,0.0,0.0,0.0,0.0,0.0,2.1,0.0,2.1,35.87
5447.9,0.0,0.0,97.08,63.12,36.04,0.0,0.0,0.0,0.0,0.0,0.0,2.1,0.0,2.1,36.04
5458.1,0.0,0.0,97.07,60.4,38.01,0.0,0.0,0.0,0.0,0.0,0.0,2.11,0.75,2.11,38.76
5468.2,0.0,0.0,97.09,61.11,38.05,0.0,0.0,0.0,0.0,0.0,0.0,2.09,0.0,2.09,38.05
5478.3,0.0,0.0,97.11,61.59,37.65,0.0,0.0,0.0,0.0,0.0,0.0,2.1,0.0,2.1,37.65
5488.4,0.0,0.0,97.11,60.79,37.73,0.0,0.0,0.0,0.0,0.0,0.0,2.13,0.75,2.13,38.48
5498.5,0.0,0.0,97.15,61.88,37.39,0.0,0.0,0.0,0.0,0.0,0.0,2.11,0.0,2.11,37.39
5508.7,0.0,0.0,97.11,62.02,37.13,0.0,0.0,0.0,0.0,0.0,0.0,2.09,0.0,2.09,37.13
5518.8,0.0,0.0,97.13,61.48,37.04,0.0,0.0,0.0,0.0,0.0,0.0,2.12,0.75,2.12,37.79
5528.9,0.0,0.0,97.08,62.1,37.1,0.0,0.0,0.0,0.0,0.0,0.0,2.1,0.0,2.1,37.1
5539.0,0.0,0.0,97.1,62.19,36.94,0.0,0.0,0.0,0.0,0.0,0.0,2.1,0.0,2.1,36.94
5549.1,0.0,0.0,97.13,61.33,37.19,0.0,0.0,0.0,0.0,0.0,0.0,2.13,0.75,2.13,37.94
5559.3,0.0,0.0,97.12,61.53,37.74,0.0,0.0,0.0,0.0,0.0,0.0,2.09,0.0,2.09,37.74
5569.4,0.0,0.0,97.12,61.46,37.7,0.0,0.0,0.0,0.0,0.0,0.0,2.1,0.0,2.1,37.7
5579.5,0.0,0.0,97.12,61.32,37.19,0.0,0.0,0.0,0.0,0.0,0.0,2.11,0.76,2.11,37.95
5589.6,0.0,0.0,97.14,63.64,35.58,0.0,0.0,0.0,0.0,0.0,0.0,2.1,0.0,2.1,35.58
5599.7,0.0,0.0,97.12,62.2,37.05,0.0,0.0,0.0,0.0,0.0,0.0,2.09,0.0,2.09,37.05
5609.9,0.0,0.0,97.12,61.09,37.39,0.0,0.0,0.0,0.0,0.0,0.0,2.13,0.76,2.13,38.15
5620.0,0.0,0.0,97.17,62.44,36.78,0.0,0.0,0.0,0.0,0.0,0.0,2.09,0.0,2.09,36.78
5630.1,0.0,0.0,97.12,62.51,36.76,0.0,0.0,0.0,0.0,0.0,0.0,2.09,0.0,2.09,36.76
5640.2,0.0,0.0,97.1,60.86,37.57,0.0,0.0,0.0,0.0,0.0,0.0,2.12,0.75,2.12,38.32
5650.3,0.0,0.0,97.11,61.69,37.55,0.0,0.0,0.0,0.0,0.0,0.0,2.09,0.0,2.09,37.55
5660.5,0.0,0.0,97.11,62.34,36.81,0.0,0.0,0.0,0.0,0.0,0.0,2.09,0.0,2.09,36.81
5670.6,0.0,0.0,97.1,61.6,36.92,0.0,0.0,0.0,0.0,0.0,0.0,2.11,0.76,2.11,37.68
5680.7,0.0,0.0,97.1,62.15,37.01,0.0,0.0,0.0,0.0,0.0,0.0,2.09,0.0,2.09,37.01
5690.8,0.0,0.0,97.11,61.52,37.7,0.0,0.0,0.0,0.0,0.0,0.0,2.09,0.0,2.09,37.7
5700.9,0.0,0.0,97.07,61.15,37.32,0.0,0.0,0.0,0.0,0.0,0.0,2.13,0.75,2.13,38.07
5711.1,0.0,0.0,97.1,62.46,36.7,0.0,0.0,0.0,0.0,0.0,0.0,2.09,0.0,2.09,36.7
5721.2,0.0,0.0,97.13,62.11,37.05,0.0,0.0,0.0,0.0,0.0,0.0,2.09,0.0,2.09,37.05
5731.3,0.0,0.0,97.09,61.61,36.89,0.0,0.0,0.0,0.0,0.0,0.0,2.13,0.75,2.13,37.64
5741.4,0.0,0.0,97.12,62.41,36.86,0.0,0.0,0.0,0.0,0.0,0.0,2.09,0.0,2.09,36.86
5751.5,0.0,0.0,97.11,62.49,36.67,0.0,0.0,0.0,0.0,0.0,0.0,2.09,0.0,2.09,36.67
5761.7,0.0,0.0,97.1,61.57,36.94,0.0,0.0,0.0,0.0,0.0,0.0,2.12,0.76,2.12,37.7
5771.8,0.0,0.0,97.1,62.24,36.92,0.0,0.0,0.0,0.0,0.0,0.0,2.09,0.0,2.09,36.92
5781.9,0.0,0.0,97.13,62.24,37.03,0.0,0.0,0.0,0.0,0.0,0.0,2.1,0.0,2.1,37.03
5792.0,0.0,0.0,97.13,63.08,35.41,0.0,0.0,0.0,0.0,0.0,0.0,2.11,0.75,2.11,36.16
5802.1,0.0,0.0,97.13,62.03,37.13,0.0,0.0,0.0,0.0,0.0,0.0,2.11,0.0,2.11,37.13
5812.3,0.0,0.0,97.14,63.04,36.23,0.0,0.0,0.0,0.0,0.0,0.0,2.08,0.0,2.08,36.23
5822.4,0.0,0.0,97.12,62.43,36.08,0.0,0.0,0.0,0.0,0.0,0.0,2.12,0.75,2.12,36.83
5832.5,0.0,0.0,97.13,62.11,37.05,0.0,0.0,0.0,0.0,0.0,0.0,2.09,0.0,2.09,37.05
5842.6,0.0,0.0,97.12,62.14,37.14,0.0,0.0,0.0,0.0,0.0,0.0,2.08,0.0,2.08,37.14
5852.7,0.0,0.0,97.13,61.47,37.03,0.0,0.0,0.0,0.0,0.0,0.0,2.13,0.76,2.13,37.79
5862.9,0.0,0.0,97.14,61.61,37.54,0.0,0.0,0.0,0.0,0.0,0.0,2.09,0.0,2.09,37.54
5873.0,0.0,0.0,97.12,61.94,37.33,0.0,0.0,0.0,0.0,0.0,0.0,2.09,0.0,2.09,37.33
5883.1,0.0,0.0,97.09,61.24,37.17,0.0,0.0,0.0,0.0,0.0,0.0,2.11,0.75,2.11,37.92
5893.2,0.0,0.0,97.1,62.24,37.01,0.0,0.0,0.0,0.0,0.0,0.0,2.09,0.0,2.09,37.01
5903.3,0.0,0.0,97.13,62.07,37.14,0.0,0.0,0.0,0.0,0.0,0.0,2.1,0.0,2.1,37.14
5913.5,0.0,0.0,97.11,62.0,36.49,0.0,0.0,0.0,0.0,0.0,0.0,2.11,0.75,2.11,37.24
5923.6,0.0,0.0,97.18,62.43,36.84,0.0,0.0,0.0,0.0,0.0,0.0,2.1,0.0,2.1,36.84
5933.7,0.0,0.0,97.12,61.64,37.55,0.0,0.0,0.0,0.0,0.0,0.0,2.08,0.0,2.08,37.55
5943.8,0.0,0.0,97.13,60.95,37.55,0.0,0.0,0.0,0.0,0.0,0.0,2.12,0.75,2.12,38.3
5953.9,0.0,0.0,97.13,61.91,37.31,0.0,0.0,0.0,0.0,0.0,0.0,2.1,0.0,2.1,37.31
5964.1,0.0,0.0,97.13,62.8,36.4,0.0,0.0,0.0,0.0,0.0,0.0,2.08,0.0,2.08,36.4
5974.2,0.0,0.0,97.11,61.43,37.09,0.0,0.0,0.0,0.0,0.0,0.0,2.12,0.75,2.12,37.84
5984.3,0.0,0.0,97.1,61.97,37.18,0.0,0.0,0.0,0.0,0.0,0.0,2.09,0.0,2.09,37.18
5994.4,0.0,0.0,97.08,61.45,37.31,0.0,0.0,0.0,0.0,0.0,0.0,2.11,0.48,2.11,37.79
6004.6,0.0,0.0,97.11,62.16,36.78,0.0,0.0,0.0,0.0,0.0,0.0,2.11,0.3,2.11,37.08
6014.7,0.0,0.0,97.13,62.07,37.07,0.0,0.0,0.0,0.0,0.0,0.0,2.09,0.0,2.09,37.07
6024.8,0.0,0.0,97.12,61.63,36.88,0.0,0.0,0.0,0.0,0.0,0.0,2.12,0.75,2.12,37.63
6034.9,0.0,0.0,97.14,62.44,36.83,0.0,0.0,0.0,0.0,0.0,0.0,2.09,0.0,2.09,36.83
6045.0,0.0,0.0,97.11,62.08,37.08,0.0,0.0,0.0,0.0,0.0,0.0,2.08,0.0,2.08,37.08
6055.2,0.0,0.0,97.14,61.15,37.38,0.0,0.0,0.0,0.0,0.0,0.0,2.1,0.75,2.1,38.13
6065.3,0.0,0.0,97.14,61.83,37.39,0.0,0.0,0.0,0.0,0.0,0.0,2.09,0.0,2.09,37.39
6075.4,0.0,0.0,97.12,61.69,37.55,0.0,0.0,0.0,0.0,0.0,0.0,2.1,0.0,2.1,37.55
6085.5,0.0,0.0,97.13,61.46,37.05,0.0,0.0,0.0,0.0,0.0,0.0,2.11,0.75,2.11,37.8
6095.6,0.0,0.0,97.14,63.44,35.71,0.0,0.0,0.0,0.0,0.0,0.0,2.09,0.0,2.09,35.71
6105.8,0.0,0.0,97.18,65.1,34.17,0.0,0.0,0.0,0.0,0.0,0.0,2.09,0.0,2.09,34.17
6115.9,0.0,0.0,97.2,62.86,35.77,0.0,0.0,0.0,0.0,0.0,0.0,2.1,0.76,2.1,36.53
6126.0,0.0,0.0,97.14,63.6,35.59,0.0,0.0,0.0,0.0,0.0,0.0,2.1,0.0,2.1,35.59
6136.1,0.0,0.0,97.16,63.53,35.72,0.0,0.0,0.0,0.0,0.0,0.0,2.08,0.0,2.08,35.72
6146.2,0.0,0.0,97.15,62.91,35.6,0.0,0.0,0.0,0.0,0.0,0.0,2.11,0.74,2.11,36.34
6156.4,0.0,0.0,97.14,63.59,35.65,0.0,0.0,0.0,0.0,0.0,0.0,2.08,0.0,2.08,35.65
6166.5,0.0,0.0,97.14,63.91,35.34,0.0,0.0,0.0,0.0,0.0,0.0,2.09,0.0,2.09,35.34
6176.6,0.0,0.0,97.15,63.23,35.24,0.0,0.0,0.0,0.0,0.0,0.0,2.11,0.76,2.11,36.0
6186.7,0.0,0.0,97.12,63.73,35.49,0.0,0.0,0.0,0.0,0.0,0.0,2.09,0.0,2.09,35.49
6196.9,0.0,0.0,97.19,64.01,35.23,0.0,0.0,0.0,0.0,0.0,0.0,2.08,0.0,2.08,35.23
6207.0,0.0,0.0,97.14,61.93,36.56,0.0,0.0,0.0,0.0,0.0,0.0,2.12,0.76,2.12,37.32
6217.1,0.0,0.0,97.07,62.39,36.78,0.0,0.0,0.0,0.0,0.0,0.0,2.1,0.0,2.1,36.78
6227.2,0.0,0.0,97.18,65.8,33.52,0.0,0.0,0.0,0.0,0.0,0.0,2.08,0.0,2.08,33.52
6237.3,0.0,0.0,95.31,80.09,16.55,0.0,0.0,0.0,0.0,0.0,0.0,2.14,0.73,2.14,17.28
6247.5,0.0,0.0,95.24,81.37,16.06,0.0,0.0,0.0,0.0,0.0,0.0,2.12,0.0,2.12,16.06
6257.6,0.0,0.0,95.26,81.26,16.12,0.0,0.0,0.0,0.0,0.0,0.0,2.12,0.0,2.12,16.12
6267.7,0.0,0.0,95.27,80.58,16.08,0.0,0.0,0.0,0.0,0.0,0.0,2.13,0.73,2.13,16.81
6277.8,0.0,0.0,95.24,81.27,16.08,0.0,0.0,0.0,0.0,0.0,0.0,2.13,0.0,2.13,16.08
6288.0,0.0,0.0,95.25,81.26,16.14,0.0,0.0,0.0,0.0,0.0,0.0,2.13,0.0,2.13,16.14
6298.1,0.0,0.0,95.26,80.57,16.06,0.0,0.0,0.0,0.0,0.0,0.0,2.15,0.72,2.15,16.78
6308.2,0.0,0.0,95.25,81.33,16.1,0.0,0.0,0.0,0.0,0.0,0.0,2.11,0.0,2.11,16.1
6318.3,0.0,0.0,95.24,81.26,16.1,0.0,0.0,0.0,0.0,0.0,0.0,2.12,0.0,2.12,16.1
6328.4,0.0,0.0,95.23,80.57,16.09,0.0,0.0,0.0,0.0,0.0,0.0,2.16,0.73,2.16,16.82
6338.6,0.0,0.0,95.25,81.24,16.09,0.0,0.0,0.0,0.0,0.0,0.0,2.12,0.0,2.12,16.09
6348.7,0.0,0.0,95.26,81.28,16.07,0.0,0.0,0.0,0.0,0.0,0.0,2.12,0.0,2.12,16.07
6358.8,0.0,0.0,95.25,80.62,16.11,0.0,0.0,0.0,0.0,0.0,0.0,2.13,0.73,2.13,16.84
6368.9,0.0,0.0,95.24,81.25,16.09,0.0,0.0,0.0,0.0,0.0,0.0,2.13,0.0,2.13,16.09
6379.0,0.0,0.0,95.25,81.3,16.08,0.0,0.0,0.0,0.0,0.0,0.0,2.11,0.0,2.11,16.08
6389.2,0.0,0.0,95.26,80.6,16.06,0.0,0.0,0.0,0.0,0.0,0.0,2.13,0.73,2.13,16.79
6399.3,0.0,0.0,95.24,81.29,16.08,0.0,0.0,0.0,0.0,0.0,0.0,2.12,0.0,2.12,16.08
6409.4,0.0,0.0,95.24,81.26,16.1,0.0,0.0,0.0,0.0,0.0,0.0,2.12,0.0,2.12,16.1
6419.5,0.0,0.0,95.24,80.51,16.1,0.0,0.0,0.0,0.0,0.0,0.0,2.15,0.73,2.15,16.83
6429.6,0.0,0.0,95.25,81.3,16.08,0.0,0.0,0.0,0.0,0.0,0.0,2.12,0.0,2.12,16.08
6439.8,0.0,0.0,95.25,81.31,16.09,0.0,0.0,0.0,0.0,0.0,0.0,2.13,0.0,2.13,16.09
6449.9,0.0,0.0,95.24,80.58,16.08,0.0,0.0,0.0,0.0,0.0,0.0,2.15,0.73,2.15,16.81
6460.0,0.0,0.0,95.25,81.26,16.09,0.0,0.0,0.0,0.0,0.0,0.0,2.13,0.0,2.13,16.09
6470.1,0.0,0.0,95.25,80.83,16.51,0.0,0.0,0.0,0.0,0.0,0.0,2.11,0.0,2.11,16.51
6480.2,0.0,0.0,95.25,80.28,16.36,0.0,0.0,0.0,0.0,0.0,0.0,2.14,0.73,2.14,17.09
6490.4,0.0,0.0,95.24,81.06,16.35,0.0,0.0,0.0,0.0,0.0,0.0,2.12,0.0,2.12,16.35
6500.5,0.0,0.0,95.25,80.97,16.4,0.0,0.0,0.0,0.0,0.0,0.0,2.12,0.0,2.12,16.4
6510.6,0.0,0.0,95.26,80.32,16.33,0.0,0.0,0.0,0.0,0.0,0.0,2.13,0.73,2.13,17.06
6520.7,0.0,0.0,95.24,81.02,16.35,0.0,0.0,0.0,0.0,0.0,0.0,2.12,0.0,2.12,16.35
6530.8,0.0,0.0,95.24,81.0,16.36,0.0,0.0,0.0,0.0,0.0,0.0,2.13,0.0,2.13,16.36
6541.0,0.0,0.0,95.25,80.31,16.37,0.0,0.0,0.0,0.0,0.0,0.0,2.14,0.73,2.14,17.1
6551.1,0.0,0.0,95.25,80.97,16.37,0.0,0.0,0.0,0.0,0.0,0.0,2.13,0.0,2.13,16.37
6561.2,0.0,0.0,95.26,81.03,16.35,0.0,0.0,0.0,0.0,0.0,0.0,2.11,0.0,2.11,16.35
6571.3,0.0,0.0,95.23,80.37,16.33,0.0,0.0,0.0,0.0,0.0,0.0,2.17,0.73,2.17,17.06
6581.4,0.0,0.0,95.25,81.0,16.37,0.0,0.0,0.0,0.0,0.0,0.0,2.12,0.0,2.12,16.37
6591.6,0.0,0.0,95.26,81.0,16.36,0.0,0.0,0.0,0.0,0.0,0.0,2.12,0.0,2.12,16.36
6601.7,0.0,0.0,95.26,80.29,16.36,0.0,0.0,0.0,0.0,0.0,0.0,2.13,0.73,2.13,17.09
6611.8,0.0,0.0,95.24,81.0,16.34,0.0,0.0,0.0,0.0,0.0,0.0,2.13,0.0,2.13,16.34
6621.9,0.0,0.0,95.24,81.06,16.36,0.0,0.0,0.0,0.0,0.0,0.0,2.13,0.0,2.13,16.36
6632.0,0.0,0.0,95.26,80.27,16.38,0.0,0.0,0.0,0.0,0.0,0.0,2.15,0.73,2.15,17.11
6642.2,0.0,0.0,95.26,81.03,16.36,0.0,0.0,0.0,0.0,0.0,0.0,2.11,0.0,2.11,16.36
6652.3,0.0,0.0,95.25,81.01,16.35,0.0,0.0,0.0,0.0,0.0,0.0,2.13,0.0,2.13,16.35
6662.4,0.0,0.0,95.23,80.3,16.37,0.0,0.0,0.0,0.0,0.0,0.0,2.15,0.73,2.15,17.1
6672.5,0.0,0.0,95.24,80.76,16.57,0.0,0.0,0.0,0.0,0.0,0.0,2.13,0.0,2.13,16.57
6682.6,0.0,0.0,95.25,81.02,16.36,0.0,0.0,0.0,0.0,0.0,0.0,2.12,0.0,2.12,16.36
6692.8,0.0,0.0,95.26,80.26,16.35,0.0,0.0,0.0,0.0,0.0,0.0,2.14,0.74,2.14,17.09
6702.9,0.0,0.0,95.25,81.08,16.36,0.0,0.0,0.0,0.0,0.0,0.0,2.11,0.0,2.11,16.36
6713.0,0.0,0.0,95.25,80.99,16.38,0.0,0.0,0.0,0.0,0.0,0.0,2.12,0.0,2.12,16.38
6723.1,0.0,0.0,95.25,80.29,16.35,0.0,0.0,0.0,0.0,0.0,0.0,2.14,0.74,2.14,17.09
6733.2,0.0,0.0,95.26,81.0,16.34,0.0,0.0,0.0,0.0,0.0,0.0,2.12,0.0,2.12,16.34
6743.4,0.0,0.0,95.25,81.01,16.35,0.0,0.0,0.0,0.0,0.0,0.0,2.12,0.0,2.12,16.35
6753.5,0.0,0.0,95.25,80.36,16.39,0.0,0.0,0.0,0.0,0.0,0.0,2.14,0.71,2.14,17.1
6763.6,0.0,0.0,95.24,80.97,16.37,0.0,0.0,0.0,0.0,0.0,0.0,2.13,0.0,2.13,16.37
6773.7,0.0,0.0,95.25,81.0,16.36,0.0,0.0,0.0,0.0,0.0,0.0,2.12,0.0,2.12,16.36
6783.8,0.0,0.0,95.23,80.28,16.34,0.0,0.0,0.0,0.0,0.0,0.0,2.16,0.73,2.16,17.07
6794.0,0.0,0.0,95.24,81.06,16.36,0.0,0.0,0.0,0.0,0.0,0.0,2.12,0.0,2.12,16.36
6804.1,0.0,0.0,95.25,81.0,16.36,0.0,0.0,0.0,0.0,0.0,0.0,2.12,0.0,2.12,16.36
6814.2,0.0,0.0,95.25,80.29,16.36,0.0,0.0,0.0,0.0,0.0,0.0,2.14,0.74,2.14,17.1
6824.3,0.0,0.0,95.25,80.98,16.36,0.0,0.0,0.0,0.0,0.0,0.0,2.12,0.0,2.12,16.36
6834.4,0.0,0.0,95.25,81.03,16.34,0.0,0.0,0.0,0.0,0.0,0.0,2.14,0.0,2.14,16.34
6844.6,0.0,0.0,95.24,80.32,16.37,0.0,0.0,0.0,0.0,0.0,0.0,2.14,0.73,2.14,17.1
6854.7,0.0,0.0,95.25,80.97,16.37,0.0,0.0,0.0,0.0,0.0,0.0,2.13,0.0,2.13,16.37
6864.8,0.0,0.0,95.25,81.06,16.33,0.0,0.0,0.0,0.0,0.0,0.0,2.12,0.0,2.12,16.33
6874.9,0.0,0.0,95.23,80.31,16.36,0.0,0.0,0.0,0.0,0.0,0.0,2.16,0.73,2.16,17.09
6885.0,0.0,0.0,95.23,81.02,16.34,0.0,0.0,0.0,0.0,0.0,0.0,2.12,0.0,2.12,16.34
6895.2,0.0,0.0,95.25,80.97,16.4,0.0,0.0,0.0,0.0,0.0,0.0,2.12,0.0,2.12,16.4
6905.3,0.0,0.0,95.19,80.12,16.53,0.0,0.0,0.0,0.0,0.0,0.0,2.19,0.74,2.19,17.27
6915.4,0.0,0.0,95.24,81.25,16.08,0.0,0.0,0.0,0.0,0.0,0.0,2.11,0.0,2.11,16.08
6925.5,0.0,0.0,95.25,81.24,16.08,0.0,0.0,0.0,0.0,0.0,0.0,2.13,0.0,2.13,16.08
6935.6,0.0,0.0,95.26,80.65,16.09,0.0,0.0,0.0,0.0,0.0,0.0,2.13,0.74,2.13,16.83
6945.8,0.0,0.0,95.23,81.25,16.1,0.0,0.0,0.0,0.0,0.0,0.0,2.13,0.0,2.13,16.1
6955.9,0.0,0.0,95.24,81.24,16.09,0.0,0.0,0.0,0.0,0.0,0.0,2.12,0.0,2.12,16.09
6966.0,0.0,0.0,95.25,80.6,16.06,0.0,0.0,0.0,0.0,0.0,0.0,2.14,0.73,2.14,16.79
6976.1,0.0,0.0,95.23,81.25,16.09,0.0,0.0,0.0,0.0,0.0,0.0,2.13,0.0,2.13,16.09
6986.2,0.0,0.0,95.24,81.35,16.08,0.0,0.0,0.0,0.0,0.0,0.0,2.11,0.0,2.11,16.08
6996.4,0.0,0.0,95.24,80.52,16.12,0.0,0.0,0.0,0.0,0.0,0.0,2.15,0.73,2.15,16.85
7006.5,0.0,0.0,95.24,81.25,16.09,0.0,0.0,0.0,0.0,0.0,0.0,2.12,0.0,2.12,16.09
7016.6,0.0,0.0,95.24,81.28,16.09,0.0,0.0,0.0,0.0,0.0,0.0,2.11,0.0,2.11,16.09
7026.7,0.0,0.0,95.25,80.61,16.05,0.0,0.0,0.0,0.0,0.0,0.0,2.15,0.72,2.15,16.77
7036.8,0.0,0.0,95.25,81.31,16.1,0.0,0.0,0.0,0.0,0.0,0.0,2.12,0.0,2.12,16.1
7047.0,0.0,0.0,95.25,81.27,16.09,0.0,0.0,0.0,0.0,0.0,0.0,2.13,0.0,2.13,16.09
7057.1,0.0,0.0,95.26,80.57,16.08,0.0,0.0,0.0,0.0,0.0,0.0,2.13,0.73,2.13,16.81
7067.2,0.0,0.0,95.24,81.28,16.09,0.0,0.0,0.0,0.0,0.0,0.0,2.14,0.0,2.14,16.09
7077.3,0.0,0.0,95.24,81.31,16.08,0.0,0.0,0.0,0.0,0.0,0.0,2.12,0.0,2.12,16.08
7087.4,0.0,0.0,95.26,80.54,16.1,0.0,0.0,0.0,0.0,0.0,0.0,2.15,0.73,2.15,16.83
7097.6,0.0,0.0,95.24,81.29,16.09,0.0,0.0,0.0,0.0,0.0,0.0,2.11,0.0,2.11,16.09
7107.7,0.0,0.0,95.25,81.32,16.07,0.0,0.0,0.0,0.0,0.0,0.0,2.13,0.0,2.13,16.07
7117.8,0.0,0.0,95.23,80.55,16.1,0.0,0.0,0.0,0.0,0.0,0.0,2.15,0.74,2.15,16.84
7127.9,0.0,0.0,95.26,81.26,16.1,0.0,0.0,0.0,0.0,0.0,0.0,2.12,0.0,2.12,16.1
7138.0,0.0,0.0,95.25,80.56,16.08,0.0,0.0,0.0,0.0,0.0,0.0,2.14,0.75,2.14,16.83
7148.2,0.0,0.0,95.23,81.05,16.26,0.0,0.0,0.0,0.0,0.0,0.0,2.14,0.0,2.14,16.26
7158.3,0.0,0.0,95.23,81.34,16.08,0.0,0.0,0.0,0.0,0.0,0.0,2.12,0.0,2.12,16.08
7168.4,0.0,0.0,95.26,80.54,16.11,0.0,0.0,0.0,0.0,0.0,0.0,2.14,0.74,2.14,16.85
7178.5,0.0,0.0,95.23,81.3,16.06,0.0,0.0,0.0,0.0,0.0,0.0,2.14,0.0,2.14,16.06
7188.7,0.0,0.0,95.23,81.29,16.1,0.0,0.0,0.0,0.0,0.0,0.0,2.12,0.0,2.12,16.1
7198.8,0.0,0.0,95.25,80.48,16.12,0.0,0.0,0.0,0.0,0.0,0.0,2.15,0.73,2.15,16.85
7208.9,0.0,0.0,95.24,81.3,16.07,0.0,0.0,0.0,0.0,0.0,0.0,2.13,0.0,2.13,16.07
7219.0,0.0,0.0,95.26,81.29,16.12,0.0,0.0,0.0,0.0,0.0,0.0,2.11,0.0,2.11,16.12
7229.1,0.0,0.0,95.25,80.62,16.08,0.0,0.0,0.0,0.0,0.0,0.0,2.16,0.73,2.16,16.81
7239.3,0.0,0.0,95.23,81.28,16.08,0.0,0.0,0.0,0.0,0.0,0.0,2.12,0.0,2.12,16.08
7249.4,0.0,0.0,95.25,81.22,16.11,0.0,0.0,0.0,0.0,0.0,0.0,2.12,0.0,2.12,16.11
7259.5,0.0,0.0,95.27,80.62,16.07,0.0,0.0,0.0,0.0,0.0,0.0,2.14,0.72,2.14,16.79
7269.6,0.0,0.0,95.25,81.29,16.11,0.0,0.0,0.0,0.0,0.0,0.0,2.12,0.0,2.12,16.11
7279.8,0.0,0.0,95.26,81.28,16.08,0.0,0.0,0.0,0.0,0.0,0.0,2.12,0.0,2.12,16.08
7289.9,0.0,0.0,95.27,80.6,16.07,0.0,0.0,0.0,0.0,0.0,0.0,2.13,0.73,2.13,16.8
7300.0,0.0,0.0,95.22,81.25,16.1,0.0,0.0,0.0,0.0,0.0,0.0,2.13,0.0,2.13,16.1
7310.1,0.0,0.0,95.25,81.29,16.08,0.0,0.0,0.0,0.0,0.0,0.0,2.11,0.0,2.11,16.08
7320.3,0.0,0.0,95.26,80.57,16.06,0.0,0.0,0.0,0.0,0.0,0.0,2.15,0.73,2.15,16.79
7330.4,0.0,0.0,95.24,81.3,16.12,0.0,0.0,0.0,0.0,0.0,0.0,2.12,0.0,2.12,16.12
7340.5,0.0,0.0,95.25,81.25,16.08,0.0,0.0,0.0,0.0,0.0,0.0,2.12,0.0,2.12,16.08
7350.6,0.0,0.0,95.24,80.65,16.09,0.0,0.0,0.0,0.0,0.0,0.0,2.17,0.72,2.17,16.81
7360.8,0.0,0.0,95.24,81.23,16.09,0.0,0.0,0.0,0.0,0.0,0.0,2.12,0.0,2.12,16.09
7370.9,0.0,0.0,95.24,81.33,16.08,0.0,0.0,0.0,0.0,0.0,0.0,2.14,0.0,2.14,16.08
7381.0,0.0,0.0,95.24,80.55,16.12,0.0,0.0,0.0,0.0,0.0,0.0,2.15,0.73,2.15,16.85
7391.1,0.0,0.0,95.24,81.03,16.31,0.0,0.0,0.0,0.0,0.0,0.0,2.13,0.0,2.13,16.31
7401.2,0.0,0.0,95.25,81.28,16.08,0.0,0.0,0.0,0.0,0.0,0.0,2.12,0.0,2.12,16.08
7411.4,0.0,0.0,95.23,80.62,16.09,0.0,0.0,0.0,0.0,0.0,0.0,2.17,0.73,2.17,16.82
7421.5,0.0,0.0,95.24,81.27,16.09,0.0,0.0,0.0,0.0,0.0,0.0,2.13,0.0,2.13,16.09
7431.6,0.0,0.0,95.25,81.28,16.09,0.0,0.0,0.0,0.0,0.0,0.0,2.13,0.0,2.13,16.09
7441.7,0.0,0.0,95.25,80.55,16.08,0.0,0.0,0.0,0.0,0.0,0.0,2.13,0.73,2.13,16.81
7451.8,0.0,0.0,95.24,81.28,16.08,0.0,0.0,0.0,0.0,0.0,0.0,2.14,0.0,2.14,16.08
7462.0,0.0,0.0,95.24,81.31,16.09,0.0,0.0,0.0,0.0,0.0,0.0,2.12,0.0,2.12,16.09
7472.1,0.0,0.0,95.25,80.52,16.11,0.0,0.0,0.0,0.0,0.0,0.0,2.15,0.73,2.15,16.84
7482.2,0.0,0.0,95.25,81.32,16.06,0.0,0.0,0.0,0.0,0.0,0.0,2.12,0.0,2.12,16.06
7492.3,0.0,0.0,95.24,81.29,16.1,0.0,0.0,0.0,0.0,0.0,0.0,2.13,0.0,2.13,16.1
7502.4,0.0,0.0,95.24,80.57,16.08,0.0,0.0,0.0,0.0,0.0,0.0,2.15,0.74,2.15,16.82
7512.6,0.0,0.0,95.24,81.21,16.13,0.0,0.0,0.0,0.0,0.0,0.0,2.13,0.0,2.13,16.13
7522.7,0.0,0.0,95.25,81.26,16.09,0.0,0.0,0.0,0.0,0.0,0.0,2.12,0.0,2.12,16.09
7532.8,0.0,0.0,95.25,80.61,16.06,0.0,0.0,0.0,0.0,0.0,0.0,2.14,0.73,2.14,16.79
7542.9,0.0,0.0,95.23,81.26,16.12,0.0,0.0,0.0,0.0,0.0,0.0,2.13,0.0,2.13,16.12
7553.0,0.0,0.0,95.24,81.31,16.07,0.0,0.0,0.0,0.0,0.0,0.0,2.12,0.0,2.12,16.07
7563.2,0.0,0.0,95.26,80.58,16.08,0.0,0.0,0.0,0.0,0.0,0.0,2.15,0.73,2.15,16.81
7573.3,0.0,0.0,95.25,81.31,16.09,0.0,0.0,0.0,0.0,0.0,0.0,2.12,0.0,2.12,16.09
7583.4,0.0,0.0,95.25,81.24,16.11,0.0,0.0,0.0,0.0,0.0,0.0,2.13,0.0,2.13,16.11
7593.5,0.0,0.0,95.24,80.6,16.08,0.0,0.0,0.0,0.0,0.0,0.0,2.14,0.73,2.14,16.81
7603.6,0.0,0.0,95.25,81.26,16.09,0.0,0.0,0.0,0.0,0.0,0.0,2.12,0.0,2.12,16.09
7613.8,0.0,0.0,95.25,81.31,16.08,0.0,0.0,0.0,0.0,0.0,0.0,2.12,0.0,2.12,16.08
7623.9,0.0,0.0,95.23,80.52,16.13,0.0,0.0,0.0,0.0,0.0,0.0,2.16,0.73,2.16,16.86
7634.0,0.0,0.0,95.23,81.25,16.07,0.0,0.0,0.0,0.0,0.0,0.0,2.12,0.0,2.12,16.07
7644.1,0.0,0.0,95.24,81.09,16.3,0.0,0.0,0.0,0.0,0.0,0.0,2.12,0.0,2.12,16.3
7654.2,0.0,0.0,95.25,80.58,16.07,0.0,0.0,0.0,0.0,0.0,0.0,2.14,0.73,2.14,16.8
7664.4,0.0,0.0,95.24,81.29,16.08,0.0,0.0,0.0,0.0,0.0,0.0,2.12,0.0,2.12,16.08
7674.5,0.0,0.0,95.24,81.29,16.07,0.0,0.0,0.0,0.0,0.0,0.0,2.13,0.0,2.13,16.07
7684.6,0.0,0.0,95.24,80.55,16.11,0.0,0.0,0.0,0.0,0.0,0.0,2.14,0.74,2.14,16.85
7694.7,0.0,0.0,95.24,81.25,16.09,0.0,0.0,0.0,0.0,0.0,0.0,2.13,0.0,2.13,16.09
7704.8,0.0,0.0,95.25,81.29,16.08,0.0,0.0,0.0,0.0,0.0,0.0,2.11,0.0,2.11,16.08
7715.0,0.0,0.0,95.24,80.55,16.06,0.0,0.0,0.0,0.0,0.0,0.0,2.16,0.73,2.16,16.79
7725.1,0.0,0.0,95.24,81.34,16.09,0.0,0.0,0.0,0.0,0.0,0.0,2.12,0.0,2.12,16.09
7735.2,0.0,0.0,95.25,81.25,16.1,0.0,0.0,0.0,0.0,0.0,0.0,2.12,0.0,2.12,16.1
7745.3,0.0,0.0,95.24,80.58,16.08,0.0,0.0,0.0,0.0,0.0,0.0,2.15,0.72,2.15,16.8
7755.4,0.0,0.0,95.24,81.24,16.09,0.0,0.0,0.0,0.0,0.0,0.0,2.13,0.0,2.13,16.09
7765.6,0.0,0.0,95.24,81.32,16.11,0.0,0.0,0.0,0.0,0.0,0.0,2.13,0.0,2.13,16.11
7775.7,0.0,0.0,95.26,80.57,16.11,0.0,0.0,0.0,0.0,0.0,0.0,2.15,0.73,2.15,16.84
7785.8,0.0,0.0,95.24,81.28,16.08,0.0,0.0,0.0,0.0,0.0,0.0,2.12,0.0,2.12,16.08
7795.9,0.0,0.0,95.24,81.27,16.07,0.0,0.0,0.0,0.0,0.0,0.0,2.13,0.0,2.13,16.07
7806.0,0.0,0.0,95.26,80.56,16.13,0.0,0.0,0.0,0.0,0.0,0.0,2.15,0.73,2.15,16.86
7816.2,0.0,0.0,95.25,81.25,16.08,0.0,0.0,0.0,0.0,0.0,0.0,2.13,0.0,2.13,16.08
7826.3,0.0,0.0,95.24,81.26,16.07,0.0,0.0,0.0,0.0,0.0,0.0,2.12,0.0,2.12,16.07
7836.4,0.0,0.0,95.25,80.66,16.11,0.0,0.0,0.0,0.0,0.0,0.0,2.15,0.72,2.15,16.83
7846.5,0.0,0.0,95.24,81.26,16.08,0.0,0.0,0.0,0.0,0.0,0.0,2.13,0.0,2.13,16.08
7856.6,0.0,0.0,95.25,81.29,16.07,0.0,0.0,0.0,0.0,0.0,0.0,2.11,0.0,2.11,16.07
7866.8,0.0,0.0,95.23,80.57,16.07,0.0,0.0,0.0,0.0,0.0,0.0,2.16,0.73,2.16,16.8
7876.9,0.0,0.0,95.25,81.32,16.09,0.0,0.0,0.0,0.0,0.0,0.0,2.11,0.0,2.11,16.09
7887.0,0.0,0.0,95.25,81.24,16.13,0.0,0.0,0.0,0.0,0.0,0.0,2.13,0.0,2.13,16.13
7897.1,0.0,0.0,95.24,80.58,16.06,0.0,0.0,0.0,0.0,0.0,0.0,2.13,0.73,2.13,16.79
7907.2,0.0,0.0,95.25,81.25,16.08,0.0,0.0,0.0,0.0,0.0,0.0,2.12,0.0,2.12,16.08
7917.4,0.0,0.0,95.24,81.28,16.07,0.0,0.0,0.0,0.0,0.0,0.0,2.12,0.0,2.12,16.07
7927.5,0.0,0.0,95.24,80.61,16.09,0.0,0.0,0.0,0.0,0.0,0.0,2.13,0.72,2.13,16.81
7937.6,0.0,0.0,95.25,81.26,16.1,0.0,0.0,0.0,0.0,0.0,0.0,2.12,0.0,2.12,16.1
7947.7,0.0,0.0,95.25,81.28,16.1,0.0,0.0,0.0,0.0,0.0,0.0,2.12,0.0,2.12,16.1
7957.8,0.0,0.0,95.25,80.15,16.51,0.0,0.0,0.0,0.0,0.0,0.0,2.15,0.73,2.15,17.24
7968.0,0.0,0.0,95.24,80.97,16.36,0.0,0.0,0.0,0.0,0.0,0.0,2.12,0.0,2.12,16.36
7978.1,0.0,0.0,95.25,81.01,16.35,0.0,0.0,0.0,0.0,0.0,0.0,2.13,0.0,2.13,16.35
7988.2,0.0,0.0,95.24,80.34,16.36,0.0,0.0,0.0,0.0,0.0,0.0,2.15,0.73,2.15,17.09
7998.3,0.0,0.0,95.24,80.96,16.38,0.0,0.0,0.0,0.0,0.0,0.0,2.13,0.0,2.13,16.38
8008.4,0.0,0.0,95.26,81.03,16.36,0.0,0.0,0.0,0.0,0.0,0.0,2.11,0.0,2.11,16.36
8018.6,0.0,0.0,95.26,80.33,16.36,0.0,0.0,0.0,0.0,0.0,0.0,2.14,0.73,2.14,17.09
8028.7,0.0,0.0,95.24,80.99,16.36,0.0,0.0,0.0,0.0,0.0,0.0,2.12,0.0,2.12,16.36
8038.8,0.0,0.0,95.26,81.0,16.37,0.0,0.0,0.0,0.0,0.0,0.0,2.12,0.0,2.12,16.37
8048.9,0.0,0.0,95.26,80.31,16.34,0.0,0.0,0.0,0.0,0.0,0.0,2.13,0.73,2.13,17.07
8059.0,0.0,0.0,95.24,80.98,16.36,0.0,0.0,0.0,0.0,0.0,0.0,2.13,0.0,2.13,16.36
8069.2,0.0,0.0,95.24,81.0,16.35,0.0,0.0,0.0,0.0,0.0,0.0,2.13,0.0,2.13,16.35
8079.3,0.0,0.0,95.24,80.34,16.41,0.0,0.0,0.0,0.0,0.0,0.0,2.15,0.72,2.15,17.13
8089.4,0.0,0.0,95.25,81.03,16.33,0.0,0.0,0.0,0.0,0.0,0.0,2.12,0.0,2.12,16.33
8099.5,0.0,0.0,95.25,80.98,16.36,0.0,0.0,0.0,0.0,0.0,0.0,2.11,0.0,2.11,16.36
8109.6,0.0,0.0,95.24,80.32,16.36,0.0,0.0,0.0,0.0,0.0,0.0,2.16,0.73,2.16,17.09
8119.8,0.0,0.0,95.25,81.01,16.38,0.0,0.0,0.0,0.0,0.0,0.0,2.11,0.0,2.11,16.38
8129.9,0.0,0.0,95.26,80.96,16.38,0.0,0.0,0.0,0.0,0.0,0.0,2.13,0.0,2.13,16.38
8140.0,0.0,0.0,95.26,80.31,16.35,0.0,0.0,0.0,0.0,0.0,0.0,2.14,0.73,2.14,17.08
8150.1,0.0,0.0,95.23,81.02,16.34,0.0,0.0,0.0,0.0,0.0,0.0,2.14,0.0,2.14,16.34
8160.2,0.0,0.0,95.24,81.01,16.4,0.0,0.0,0.0,0.0,0.0,0.0,2.12,0.0,2.12,16.4
8170.4,0.0,0.0,95.25,80.25,16.34,0.0,0.0,0.0,0.0,0.0,0.0,2.14,0.73,2.14,17.07
8180.5,0.0,0.0,95.24,81.09,16.36,0.0,0.0,0.0,0.0,0.0,0.0,2.12,0.0,2.12,16.36
8190.6,0.0,0.0,95.25,80.97,16.39,0.0,0.0,0.0,0.0,0.0,0.0,2.12,0.0,2.12,16.39
8200.7,0.0,0.0,95.23,80.3,16.35,0.0,0.0,0.0,0.0,0.0,0.0,2.15,0.73,2.15,17.08
8210.8,0.0,0.0,95.23,81.59,15.75,0.0,0.0,0.0,0.0,0.0,0.0,2.13,0.0,2.13,15.75
8221.0,0.0,0.0,95.25,81.91,15.46,0.0,0.0,0.0,0.0,0.0,0.0,2.12,0.0,2.12,15.46
8231.1,0.0,0.0,95.25,81.23,15.37,0.0,0.0,0.0,0.0,0.0,0.0,2.14,0.74,2.14,16.11
8241.2,0.0,0.0,95.24,82.02,15.41,0.0,0.0,0.0,0.0,0.0,0.0,2.12,0.0,2.12,15.41
8251.3,0.0,0.0,95.27,81.25,15.42,0.0,0.0,0.0,0.0,0.0,0.0,2.14,0.73,2.14,16.15
8261.4,0.0,0.0,95.22,81.95,15.41,0.0,0.0,0.0,0.0,0.0,0.0,2.13,0.0,2.13,15.41
8271.6,0.0,0.0,95.24,81.96,15.4,0.0,0.0,0.0,0.0,0.0,0.0,2.12,0.0,2.12,15.4
8281.7,0.0,0.0,95.26,81.21,15.44,0.0,0.0,0.0,0.0,0.0,0.0,2.16,0.72,2.16,16.16
8291.8,0.0,0.0,95.24,82.01,15.38,0.0,0.0,0.0,0.0,0.0,0.0,2.12,0.0,2.12,15.38
8301.9,0.0,0.0,95.24,81.93,15.44,0.0,0.0,0.0,0.0,0.0,0.0,2.12,0.0,2.12,15.44
8312.1,0.0,0.0,95.24,81.27,15.4,0.0,0.0,0.0,0.0,0.0,0.0,2.16,0.72,2.16,16.12
8322.2,0.0,0.0,95.24,81.97,15.38,0.0,0.0,0.0,0.0,0.0,0.0,2.12,0.0,2.12,15.38
8332.3,0.0,0.0,95.24,81.93,15.44,0.0,0.0,0.0,0.0,0.0,0.0,2.12,0.0,2.12,15.44
8342.4,0.0,0.0,95.25,81.25,15.4,0.0,0.0,0.0,0.0,0.0,0.0,2.15,0.73,2.15,16.13
8352.6,0.0,0.0,95.24,81.96,15.39,0.0,0.0,0.0,0.0,0.0,0.0,2.13,0.0,2.13,15.39
8362.7,0.0,0.0,95.24,81.94,15.44,0.0,0.0,0.0,0.0,0.0,0.0,2.13,0.0,2.13,15.44
8372.8,0.0,0.0,95.26,81.32,15.39,0.0,0.0,0.0,0.0,0.0,0.0,2.13,0.73,2.13,16.12
8382.9,0.0,0.0,95.24,81.98,15.38,0.0,0.0,0.0,0.0,0.0,0.0,2.14,0.0,2.14,15.38
8393.0,0.0,0.0,95.24,81.91,15.45,0.0,0.0,0.0,0.0,0.0,0.0,2.12,0.0,2.12,15.45
8403.2,0.0,0.0,95.27,81.0,15.69,0.0,0.0,0.0,0.0,0.0,0.0,2.14,0.74,2.14,16.43
8413.3,0.0,0.0,95.24,80.96,16.35,0.0,0.0,0.0,0.0,0.0,0.0,2.12,0.0,2.12,16.35
8423.4,0.0,0.0,95.25,80.99,16.35,0.0,0.0,0.0,0.0,0.0,0.0,2.13,0.0,2.13,16.35
8433.5,0.0,0.0,95.26,80.36,16.39,0.0,0.0,0.0,0.0,0.0,0.0,2.14,0.73,2.14,17.12
8443.7,0.0,0.0,95.24,81.03,16.33,0.0,0.0,0.0,0.0,0.0,0.0,2.13,0.0,2.13,16.33
8453.8,0.0,0.0,95.24,81.02,16.35,0.0,0.0,0.0,0.0,0.0,0.0,2.12,0.0,2.12,16.35
8463.9,0.0,0.0,95.25,80.28,16.38,0.0,0.0,0.0,0.0,0.0,0.0,2.15,0.72,2.15,17.1
8474.0,0.0,0.0,95.23,81.01,16.37,0.0,0.0,0.0,0.0,0.0,0.0,2.13,0.0,2.13,16.37
8484.1,0.0,0.0,95.25,80.96,16.36,0.0,0.0,0.0,0.0,0.0,0.0,2.12,0.0,2.12,16.36
8494.3,0.0,0.0,95.25,80.36,16.36,0.0,0.0,0.0,0.0,0.0,0.0,2.14,0.73,2.14,17.09
8504.4,0.0,0.0,95.24,80.97,16.39,0.0,0.0,0.0,0.0,0.0,0.0,2.12,0.0,2.12,16.39
8514.5,0.0,0.0,95.24,80.95,16.39,0.0,0.0,0.0,0.0,0.0,0.0,2.12,0.0,2.12,16.39
8524.6,0.0,0.0,95.25,80.3,16.35,0.0,0.0,0.0,0.0,0.0,0.0,2.14,0.74,2.14,17.09
8534.7,0.0,0.0,95.25,81.04,16.36,0.0,0.0,0.0,0.0,0.0,0.0,2.12,0.0,2.12,16.36
8544.9,0.0,0.0,95.24,81.03,16.33,0.0,0.0,0.0,0.0,0.0,0.0,2.12,0.0,2.12,16.33
8555.0,0.0,0.0,95.24,80.26,16.39,0.0,0.0,0.0,0.0,0.0,0.0,2.14,0.73,2.14,17.12
8565.1,0.0,0.0,95.24,80.96,16.36,0.0,0.0,0.0,0.0,0.0,0.0,2.13,0.0,2.13,16.36
8575.2,0.0,0.0,95.25,81.03,16.35,0.0,0.0,0.0,0.0,0.0,0.0,2.11,0.0,2.11,16.35
8585.3,0.0,0.0,95.25,80.36,16.34,0.0,0.0,0.0,0.0,0.0,0.0,2.15,0.72,2.15,17.06
8595.5,0.0,0.0,95.24,80.99,16.36,0.0,0.0,0.0,0.0,0.0,0.0,2.12,0.0,2.12,16.36
8605.6,0.0,0.0,95.25,81.0,16.37,0.0,0.0,0.0,0.0,0.0,0.0,2.12,0.0,2.12,16.37
8615.7,0.0,0.0,95.24,80.29,16.36,0.0,0.0,0.0,0.0,0.0,0.0,2.15,0.73,2.15,17.09
8625.8,0.0,0.0,95.24,80.9,16.42,0.0,0.0,0.0,0.0,0.0,0.0,2.13,0.0,2.13,16.42
8635.9,0.0,0.0,95.24,81.32,16.1,0.0,0.0,0.0,0.0,0.0,0.0,2.12,0.0,2.12,16.1
8646.1,0.0,0.0,95.26,80.55,16.09,0.0,0.0,0.0,0.0,0.0,0.0,2.15,0.72,2.15,16.81
8656.2,0.0,0.0,95.25,81.3,16.1,0.0,0.0,0.0,0.0,0.0,0.0,2.12,0.0,2.12,16.1
8666.3,0.0,0.0,95.25,81.28,16.07,0.0,0.0,0.0,0.0,0.0,0.0,2.12,0.0,2.12,16.07
8676.4,0.0,0.0,95.23,80.6,16.09,0.0,0.0,0.0,0.0,0.0,0.0,2.16,0.73,2.16,16.82
8686.5,0.0,0.0,95.24,81.25,16.11,0.0,0.0,0.0,0.0,0.0,0.0,2.13,0.0,2.13,16.11
8696.7,0.0,0.0,95.26,81.29,16.1,0.0,0.0,0.0,0.0,0.0,0.0,2.12,0.0,2.12,16.1
8706.8,0.0,0.0,95.24,80.6,16.06,0.0,0.0,0.0,0.0,0.0,0.0,2.16,0.73,2.16,16.79
8716.9,0.0,0.0,95.24,81.29,16.08,0.0,0.0,0.0,0.0,0.0,0.0,2.13,0.0,2.13,16.08
8727.0,0.0,0.0,95.26,81.27,16.1,0.0,0.0,0.0,0.0,0.0,0.0,2.12,0.0,2.12,16.1
8737.1,0.0,0.0,95.25,80.56,16.11,0.0,0.0,0.0,0.0,0.0,0.0,2.14,0.73,2.14,16.84
8747.3,0.0,0.0,95.25,81.25,16.08,0.0,0.0,0.0,0.0,0.0,0.0,2.12,0.0,2.12,16.08
8757.4,0.0,0.0,95.24,81.25,16.09,0.0,0.0,0.0,0.0,0.0,0.0,2.14,0.0,2.14,16.09
8767.5,0.0,0.0,95.14,80.56,16.09,0.0,0.0,0.0,0.0,0.0,0.0,2.14,0.73,2.14,16.82
8777.6,0.0,0.0,95.23,81.27,16.1,0.0,0.0,0.0,0.0,0.0,0.0,2.14,0.0,2.14,16.1
8787.8,0.0,0.0,95.23,81.27,16.09,0.0,0.0,0.0,0.0,0.0,0.0,2.14,0.0,2.14,16.09
8797.9,0.0,0.0,95.24,80.58,16.08,0.0,0.0,0.0,0.0,0.0,0.0,2.14,0.73,2.14,16.81
8808.0,0.0,0.0,95.24,81.21,16.1,0.0,0.0,0.0,0.0,0.0,0.0,2.12,0.0,2.12,16.1
8818.2,0.0,0.0,95.24,81.3,16.11,0.0,0.0,0.0,0.0,0.0,0.0,2.13,0.0,2.13,16.11
8828.3,0.0,0.0,95.23,80.62,16.05,0.0,0.0,0.0,0.0,0.0,0.0,2.14,0.72,2.14,16.77
8838.4,0.0,0.0,95.24,81.26,16.11,0.0,0.0,0.0,0.0,0.0,0.0,2.13,0.0,2.13,16.11
8848.5,0.0,0.0,95.24,81.25,16.1,0.0,0.0,0.0,0.0,0.0,0.0,2.13,0.0,2.13,16.1
8858.7,0.0,0.0,95.23,80.63,16.05,0.0,0.0,0.0,0.0,0.0,0.0,2.14,0.73,2.14,16.78
8868.8,0.0,0.0,95.24,81.25,16.11,0.0,0.0,0.0,0.0,0.0,0.0,2.13,0.0,2.13,16.11
8878.9,0.0,0.0,95.24,81.24,16.1,0.0,0.0,0.0,0.0,0.0,0.0,2.13,0.0,2.13,16.1
8889.0,0.0,0.0,95.23,80.62,16.07,0.0,0.0,0.0,0.0,0.0,0.0,2.16,0.73,2.16,16.8
8899.2,0.0,0.0,95.24,81.25,16.11,0.0,0.0,0.0,0.0,0.0,0.0,2.13,0.0,2.13,16.11
8909.3,0.0,0.0,95.24,81.26,16.09,0.0,0.0,0.0,0.0,0.0,0.0,2.12,0.0,2.12,16.09
8919.4,0.0,0.0,95.24,80.59,16.09,0.0,0.0,0.0,0.0,0.0,0.0,2.15,0.73,2.15,16.82
8929.5,0.0,0.0,95.24,81.21,16.09,0.0,0.0,0.0,0.0,0.0,0.0,2.13,0.0,2.13,16.09
8939.7,0.0,0.0,95.24,81.29,16.11,0.0,0.0,0.0,0.0,0.0,0.0,2.14,0.0,2.14,16.11
8949.8,0.0,0.0,95.23,80.56,16.1,0.0,0.0,0.0,0.0,0.0,0.0,2.15,0.73,2.15,16.83
8959.9,0.0,0.0,95.24,81.3,16.11,0.0,0.0,0.0,0.0,0.0,0.0,2.14,0.0,2.14,16.11
8970.0,0.0,0.0,95.24,81.29,16.08,0.0,0.0,0.0,0.0,0.0,0.0,2.12,0.0,2.12,16.08
8980.1,0.0,0.0,95.25,80.58,16.07,0.0,0.0,0.0,0.0,0.0,0.0,2.16,0.73,2.16,16.8
8990.3,0.0,0.0,95.24,81.28,16.12,0.0,0.0,0.0,0.0,0.0,0.0,2.13,0.0,2.13,16.12
9000.4,0.0,0.0,95.26,81.26,16.06,0.0,0.0,0.0,0.0,0.0,0.0,2.12,0.0,2.12,16.06
9010.5,0.0,0.0,95.25,80.63,16.09,0.0,0.0,0.0,0.0,0.0,0.0,2.14,0.73,2.14,16.82
9020.6,0.0,0.0,95.24,81.24,16.09,0.0,0.0,0.0,0.0,0.0,0.0,2.12,0.0,2.12,16.09
9030.8,0.0,0.0,95.24,81.31,16.09,0.0,0.0,0.0,0.0,0.0,0.0,2.13,0.0,2.13,16.09
9040.9,0.0,0.0,95.24,80.38,16.25,0.0,0.0,0.0,0.0,0.0,0.0,2.13,0.73,2.13,16.98
9051.0,0.0,0.0,95.24,81.29,16.08,0.0,0.0,0.0,0.0,0.0,0.0,2.14,0.0,2.14,16.08
9061.1,0.0,0.0,95.24,81.31,16.09,0.0,0.0,0.0,0.0,0.0,0.0,2.12,0.0,2.12,16.09
9071.2,0.0,0.0,95.25,80.53,16.12,0.0,0.0,0.0,0.0,0.0,0.0,2.16,0.72,2.16,16.84
9081.4,0.0,0.0,95.25,81.32,16.06,0.0,0.0,0.0,0.0,0.0,0.0,2.12,0.0,2.12,16.06
9091.5,0.0,0.0,95.24,81.3,16.09,0.0,0.0,0.0,0.0,0.0,0.0,2.14,0.0,2.14,16.09
9101.6,0.0,0.0,95.22,80.59,16.08,0.0,0.0,0.0,0.0,0.0,0.0,2.16,0.73,2.16,16.81
9111.7,0.0,0.0,95.25,81.22,16.13,0.0,0.0,0.0,0.0,0.0,0.0,2.13,0.0,2.13,16.13
9121.8,0.0,0.0,95.24,81.31,16.07,0.0,0.0,0.0,0.0,0.0,0.0,2.12,0.0,2.12,16.07
9132.0,0.0,0.0,95.25,80.53,16.07,0.0,0.0,0.0,0.0,0.0,0.0,2.15,0.72,2.15,16.79
9142.1,0.0,0.0,95.23,81.35,16.09,0.0,0.0,0.0,0.0,0.0,0.0,2.13,0.0,2.13,16.09
9152.2,0.0,0.0,95.26,81.25,16.12,0.0,0.0,0.0,0.0,0.0,0.0,2.12,0.0,2.12,16.12
9162.3,0.0,0.0,95.26,80.59,16.06,0.0,0.0,0.0,0.0,0.0,0.0,2.14,0.73,2.14,16.79
9172.4,0.0,0.0,95.23,81.26,16.09,0.0,0.0,0.0,0.0,0.0,0.0,2.14,0.0,2.14,16.09
9182.6,0.0,0.0,95.24,81.26,16.09,0.0,0.0,0.0,0.0,0.0,0.0,2.13,0.0,2.13,16.09
9192.7,0.0,0.0,95.24,80.51,16.14,0.0,0.0,0.0,0.0,0.0,0.0,2.15,0.73,2.15,16.87
9202.8,0.0,0.0,95.25,81.36,16.08,0.0,0.0,0.0,0.0,0.0,0.0,2.13,0.0,2.13,16.08
9212.9,0.0,0.0,95.24,81.25,16.12,0.0,0.0,0.0,0.0,0.0,0.0,2.12,0.0,2.12,16.12
9223.0,0.0,0.0,95.23,80.56,16.11,0.0,0.0,0.0,0.0,0.0,0.0,2.16,0.73,2.16,16.84
9233.2,0.0,0.0,95.23,81.08,16.25,0.0,0.0,0.0,0.0,0.0,0.0,2.13,0.0,2.13,16.25
9243.3,0.0,0.0,95.23,81.27,16.13,0.0,0.0,0.0,0.0,0.0,0.0,2.13,0.0,2.13,16.13
9253.4,0.0,0.0,95.26,80.54,16.08,0.0,0.0,0.0,0.0,0.0,0.0,2.15,0.73,2.15,16.81
9263.5,0.0,0.0,95.25,81.33,16.08,0.0,0.0,0.0,0.0,0.0,0.0,2.12,0.0,2.12,16.08
9273.6,0.0,0.0,95.24,81.27,16.12,0.0,0.0,0.0,0.0,0.0,0.0,2.14,0.0,2.14,16.12
9283.8,0.0,0.0,95.25,80.58,16.07,0.0,0.0,0.0,0.0,0.0,0.0,2.14,0.74,2.14,16.81
9293.9,0.0,0.0,95.24,81.29,16.07,0.0,0.0,0.0,0.0,0.0,0.0,2.13,0.0,2.13,16.07
9304.0,0.0,0.0,95.25,81.3,16.08,0.0,0.0,0.0,0.0,0.0,0.0,2.12,0.0,2.12,16.08
9314.1,0.0,0.0,95.24,80.53,16.12,0.0,0.0,0.0,0.0,0.0,0.0,2.16,0.73,2.16,16.85
9324.3,0.0,0.0,95.24,81.33,16.07,0.0,0.0,0.0,0.0,0.0,0.0,2.12,0.0,2.12,16.07
9334.4,0.0,0.0,95.27,80.52,16.14,0.0,0.0,0.0,0.0,0.0,0.0,2.15,0.73,2.15,16.87
9344.5,0.0,0.0,95.23,81.26,16.06,0.0,0.0,0.0,0.0,0.0,0.0,2.13,0.0,2.13,16.06
9354.6,0.0,0.0,95.26,81.33,16.07,0.0,0.0,0.0,0.0,0.0,0.0,2.11,0.0,2.11,16.07
9364.7,0.0,0.0,95.25,80.58,16.12,0.0,0.0,0.0,0.0,0.0,0.0,2.15,0.74,2.15,16.86
9374.9,0.0,0.0,95.25,81.28,16.06,0.0,0.0,0.0,0.0,0.0,0.0,2.12,0.0,2.12,16.06
9385.0,0.0,0.0,95.25,81.3,16.09,0.0,0.0,0.0,0.0,0.0,0.0,2.13,0.0,2.13,16.09
9395.1,0.0,0.0,95.26,80.54,16.12,0.0,0.0,0.0,0.0,0.0,0.0,2.14,0.73,2.14,16.85
9405.2,0.0,0.0,95.24,81.33,16.05,0.0,0.0,0.0,0.0,0.0,0.0,2.14,0.0,2.14,16.05
9415.4,0.0,0.0,95.24,81.26,16.14,0.0,0.0,0.0,0.0,0.0,0.0,2.13,0.0,2.13,16.14
9425.5,0.0,0.0,95.27,80.56,16.06,0.0,0.0,0.0,0.0,0.0,0.0,2.14,0.72,2.14,16.78
9435.6,0.0,0.0,95.24,81.38,16.06,0.0,0.0,0.0,0.0,0.0,0.0,2.13,0.0,2.13,16.06
9445.7,0.0,0.0,95.25,81.19,16.13,0.0,0.0,0.0,0.0,0.0,0.0,2.12,0.0,2.12,16.13
9455.9,0.0,0.0,95.27,80.66,16.07,0.0,0.0,0.0,0.0,0.0,0.0,2.15,0.73,2.15,16.8
9466.0,0.0,0.0,95.24,81.27,16.08,0.0,0.0,0.0,0.0,0.0,0.0,2.12,0.0,2.12,16.08
9476.1,0.0,0.0,95.25,81.26,16.11,0.0,0.0,0.0,0.0,0.0,0.0,2.13,0.0,2.13,16.11
9486.2,0.0,0.0,95.26,80.61,16.05,0.0,0.0,0.0,0.0,0.0,0.0,2.14,0.73,2.14,16.78
9496.4,0.0,0.0,95.23,81.25,16.12,0.0,0.0,0.0,0.0,0.0,0.0,2.14,0.0,2.14,16.12
9506.5,0.0,0.0,95.26,81.31,16.07,0.0,0.0,0.0,0.0,0.0,0.0,2.11,0.0,2.11,16.07
9516.6,0.0,0.0,95.24,80.62,16.08,0.0,0.0,0.0,0.0,0.0,0.0,2.18,0.73,2.18,16.81
9526.7,0.0,0.0,95.24,81.24,16.11,0.0,0.0,0.0,0.0,0.0,0.0,2.12,0.0,2.12,16.11
9536.8,0.0,0.0,95.5,83.25,14.37,0.0,0.0,0.0,0.0,0.0,0.0,2.12,0.0,2.12,14.37
9547.0,0.0,0.0,95.87,85.71,11.53,0.0,0.0,0.0,0.0,0.0,0.0,2.12,0.73,2.12,12.26
9557.1,0.0,0.0,95.86,86.42,11.5,0.0,0.0,0.0,0.0,0.0,0.0,2.13,0.0,2.13,11.5
9567.2,0.0,0.0,95.87,86.46,11.55,0.0,0.0,0.0,0.0,0.0,0.0,2.12,0.0,2.12,11.55
9577.3,0.0,0.0,95.87,85.73,11.54,0.0,0.0,0.0,0.0,0.0,0.0,2.12,0.74,2.12,12.28
9587.4,0.0,0.0,95.88,86.47,11.54,0.0,0.0,0.0,0.0,0.0,0.0,2.11,0.0,2.11,11.54
9597.6,0.0,0.0,95.88,86.45,11.52,0.0,0.0,0.0,0.0,0.0,0.0,2.1,0.0,2.1,11.52
9607.7,0.0,0.0,95.86,85.73,11.54,0.0,0.0,0.0,0.0,0.0,0.0,2.13,0.74,2.13,12.28
9617.8,0.0,0.0,95.86,86.46,11.51,0.0,0.0,0.0,0.0,0.0,0.0,2.13,0.0,2.13,11.51
9627.9,0.0,0.0,95.88,86.39,11.54,0.0,0.0,0.0,0.0,0.0,0.0,2.11,0.0,2.11,11.54
9638.0,0.0,0.0,95.87,85.78,11.54,0.0,0.0,0.0,0.0,0.0,0.0,2.13,0.74,2.13,12.28
9648.2,0.0,0.0,95.86,86.46,11.5,0.0,0.0,0.0,0.0,0.0,0.0,2.11,0.0,2.11,11.5
9658.3,0.0,0.0,95.88,86.4,11.54,0.0,0.0,0.0,0.0,0.0,0.0,2.1,0.0,2.1,11.54
9668.4,0.0,0.0,95.85,85.74,11.52,0.0,0.0,0.0,0.0,0.0,0.0,2.15,0.74,2.15,12.26
9678.5,0.0,0.0,95.87,86.5,11.52,0.0,0.0,0.0,0.0,0.0,0.0,2.11,0.0,2.11,11.52
9688.6,0.0,0.0,95.87,86.48,11.51,0.0,0.0,0.0,0.0,0.0,0.0,2.11,0.0,2.11,11.51
9698.8,0.0,0.0,95.87,85.71,11.54,0.0,0.0,0.0,0.0,0.0,0.0,2.12,0.74,2.12,12.28
9708.9,0.0,0.0,95.87,86.45,11.53,0.0,0.0,0.0,0.0,0.0,0.0,2.1,0.0,2.1,11.53
9719.0,0.0,0.0,95.86,86.42,11.51,0.0,0.0,0.0,0.0,0.0,0.0,2.11,0.0,2.11,11.51
9729.1,0.0,0.0,95.88,85.76,11.53,0.0,0.0,0.0,0.0,0.0,0.0,2.13,0.73,2.13,12.26
9739.2,0.0,0.0,95.87,86.5,11.51,0.0,0.0,0.0,0.0,0.0,0.0,2.12,0.0,2.12,11.51
9749.4,0.0,0.0,95.86,86.41,11.54,0.0,0.0,0.0,0.0,0.0,0.0,2.11,0.0,2.11,11.54
9759.5,0.0,0.0,95.86,85.7,11.54,0.0,0.0,0.0,0.0,0.0,0.0,2.14,0.74,2.14,12.28
9769.6,0.0,0.0,95.86,86.36,11.66,0.0,0.0,0.0,0.0,0.0,0.0,2.12,0.0,2.12,11.66
9779.7,0.0,0.0,95.88,86.43,11.54,0.0,0.0,0.0,0.0,0.0,0.0,2.11,0.0,2.11,11.54
9789.8,0.0,0.0,95.87,85.7,11.53,0.0,0.0,0.0,0.0,0.0,0.0,2.13,0.74,2.13,12.27
9800.0,0.0,0.0,95.86,86.48,11.51,0.0,0.0,0.0,0.0,0.0,0.0,2.11,0.0,2.11,11.51
9810.1,0.0,0.0,95.87,86.46,11.54,0.0,0.0,0.0,0.0,0.0,0.0,2.11,0.0,2.11,11.54
9820.2,0.0,0.0,95.85,85.73,11.54,0.0,0.0,0.0,0.0,0.0,0.0,2.15,0.74,2.15,12.28
9830.3,0.0,0.0,95.87,86.41,11.51,0.0,0.0,0.0,0.0,0.0,0.0,2.11,0.0,2.11,11.51
9840.4,0.0,0.0,95.87,86.48,11.53,0.0,0.0,0.0,0.0,0.0,0.0,2.1,0.0,2.1,11.53
9850.6,0.0,0.0,95.87,85.75,11.52,0.0,0.0,0.0,0.0,0.0,0.0,2.12,0.74,2.12,12.26
9860.7,0.0,0.0,95.87,86.41,11.51,0.0,0.0,0.0,0.0,0.0,0.0,2.11,0.0,2.11,11.51
9870.8,0.0,0.0,95.87,86.45,11.55,0.0,0.0,0.0,0.0,0.0,0.0,2.1,0.0,2.1,11.55
9880.9,0.0,0.0,95.86,85.72,11.51,0.0,0.0,0.0,0.0,0.0,0.0,2.13,0.74,2.13,12.25
9891.1,0.0,0.0,95.86,86.51,11.53,0.0,0.0,0.0,0.0,0.0,0.0,2.12,0.0,2.12,11.53
9901.2,0.0,0.0,95.87,86.4,11.54,0.0,0.0,0.0,0.0,0.0,0.0,2.1,0.0,2.1,11.54
9911.3,0.0,0.0,95.87,85.77,11.53,0.0,0.0,0.0,0.0,0.0,0.0,2.13,0.73,2.13,12.26
9921.4,0.0,0.0,95.86,86.42,11.51,0.0,0.0,0.0,0.0,0.0,0.0,2.11,0.0,2.11,11.51
9931.5,0.0,0.0,95.86,86.46,11.56,0.0,0.0,0.0,0.0,0.0,0.0,2.1,0.0,2.1,11.56
9941.7,0.0,0.0,95.86,85.76,11.53,0.0,0.0,0.0,0.0,0.0,0.0,2.15,0.73,2.15,12.26
9951.8,0.0,0.0,95.87,86.39,11.53,0.0,0.0,0.0,0.0,0.0,0.0,2.11,0.0,2.11,11.53
9961.9,0.0,0.0,95.87,86.49,11.52,0.0,0.0,0.0,0.0,0.0,0.0,2.1,0.0,2.1,11.52
9972.0,0.0,0.0,95.83,85.71,11.51,0.0,0.0,0.0,0.0,0.0,0.0,2.16,0.75,2.16,12.26
9982.1,0.0,0.0,95.86,86.41,11.53,0.0,0.0,0.0,0.0,0.0,0.0,2.11,0.0,2.11,11.53
9992.3,0.0,0.0,95.87,86.51,11.52,0.0,0.0,0.0,0.0,0.0,0.0,2.13,0.0,2.13,11.52
10002.4,0.0,0.0,95.87,85.56,11.67,0.0,0.0,0.0,0.0,0.0,0.0,2.14,0.74,2.14,12.41
10012.5,0.0,0.0,95.86,86.5,11.53,0.0,0.0,0.0,0.0,0.0,0.0,2.12,0.0,2.12,11.53
10022.6,0.0,0.0,95.86,86.39,11.52,0.0,0.0,0.0,0.0,0.0,0.0,2.11,0.0,2.11,11.52
10032.8,0.0,0.0,95.87,85.78,11.52,0.0,0.0,0.0,0.0,0.0,0.0,2.13,0.73,2.13,12.25
10042.9,0.0,0.0,95.85,86.44,11.53,0.0,0.0,0.0,0.0,0.0,0.0,2.12,0.0,2.12,11.53
10053.0,0.0,0.0,95.86,86.43,11.53,0.0,0.0,0.0,0.0,0.0,0.0,2.12,0.0,2.12,11.53
10063.2,0.0,0.0,95.87,85.78,11.52,0.0,0.0,0.0,0.0,0.0,0.0,2.13,0.73,2.13,12.25
10073.3,0.0,0.0,95.86,86.42,11.53,0.0,0.0,0.0,0.0,0.0,0.0,2.12,0.0,2.12,11.53
10083.4,0.0,0.0,95.86,86.45,11.54,0.0,0.0,0.0,0.0,0.0,0.0,2.12,0.0,2.12,11.54
10093.6,0.0,0.0,95.86,85.76,11.52,0.0,0.0,0.0,0.0,0.0,0.0,2.15,0.75,2.15,12.27
10103.7,0.0,0.0,95.86,86.42,11.54,0.0,0.0,0.0,0.0,0.0,0.0,2.12,0.0,2.12,11.54
10113.8,0.0,0.0,95.87,86.45,11.54,0.0,0.0,0.0,0.0,0.0,0.0,2.11,0.0,2.11,11.54
10123.9,0.0,0.0,95.85,85.7,11.52,0.0,0.0,0.0,0.0,0.0,0.0,2.14,0.73,2.14,12.25
10134.1,0.0,0.0,95.85,86.47,11.55,0.0,0.0,0.0,0.0,0.0,0.0,2.12,0.0,2.12,11.55
10144.2,0.0,0.0,95.86,86.46,11.53,0.0,0.0,0.0,0.0,0.0,0.0,2.13,0.0,2.13,11.53
10154.3,0.0,0.0,95.85,85.69,11.53,0.0,0.0,0.0,0.0,0.0,0.0,2.14,0.75,2.14,12.28
10164.5,0.0,0.0,95.87,86.5,11.52,0.0,0.0,0.0,0.0,0.0,0.0,2.12,0.0,2.12,11.52
10174.6,0.0,0.0,95.87,86.43,11.56,0.0,0.0,0.0,0.0,0.0,0.0,2.13,0.0,2.13,11.56
10184.7,0.0,0.0,95.86,85.71,11.51,0.0,0.0,0.0,0.0,0.0,0.0,2.14,0.73,2.14,12.24
10194.9,0.0,0.0,95.85,86.5,11.51,0.0,0.0,0.0,0.0,0.0,0.0,2.12,0.0,2.12,11.51
10205.0,0.0,0.0,95.85,86.37,11.56,0.0,0.0,0.0,0.0,0.0,0.0,2.13,0.0,2.13,11.56
10215.1,0.0,0.0,95.86,85.77,11.52,0.0,0.0,0.0,0.0,0.0,0.0,2.14,0.74,2.14,12.26
10225.2,0.0,0.0,95.86,86.49,11.53,0.0,0.0,0.0,0.0,0.0,0.0,2.12,0.0,2.12,11.53
10235.4,0.0,0.0,95.86,86.43,11.56,0.0,0.0,0.0,0.0,0.0,0.0,2.13,0.0,2.13,11.56
10245.5,0.0,0.0,95.86,85.71,11.52,0.0,0.0,0.0,0.0,0.0,0.0,2.14,0.74,2.14,12.26
10255.6,0.0,0.0,95.86,86.49,11.53,0.0,0.0,0.0,0.0,0.0,0.0,2.13,0.0,2.13,11.53
10265.8,0.0,0.0,95.86,86.32,11.67,0.0,0.0,0.0,0.0,0.0,0.0,2.13,0.0,2.13,11.67
10275.9,0.0,0.0,95.86,85.67,11.57,0.0,0.0,0.0,0.0,0.0,0.0,2.15,0.74,2.15,12.31
10286.0,0.0,0.0,95.86,86.51,11.51,0.0,0.0,0.0,0.0,0.0,0.0,2.12,0.0,2.12,11.51
10296.2,0.0,0.0,95.86,86.45,11.53,0.0,0.0,0.0,0.0,0.0,0.0,2.13,0.0,2.13,11.53
10306.3,0.0,0.0,95.86,85.67,11.56,0.0,0.0,0.0,0.0,0.0,0.0,2.14,0.74,2.14,12.3
10316.4,0.0,0.0,95.86,86.52,11.5,0.0,0.0,0.0,0.0,0.0,0.0,2.12,0.0,2.12,11.5
10326.5,0.0,0.0,95.88,86.46,11.55,0.0,0.0,0.0,0.0,0.0,0.0,2.13,0.0,2.13,11.55
10336.7,0.0,0.0,95.86,85.68,11.53,0.0,0.0,0.0,0.0,0.0,0.0,2.14,0.73,2.14,12.26
10346.8,0.0,0.0,95.86,86.5,11.53,0.0,0.0,0.0,0.0,0.0,0.0,2.12,0.0,2.12,11.53
10356.9,0.0,0.0,95.87,86.48,11.52,0.0,0.0,0.0,0.0,0.0,0.0,2.12,0.0,2.12,11.52
10367.1,0.0,0.0,95.86,85.67,11.56,0.0,0.0,0.0,0.0,0.0,0.0,2.14,0.74,2.14,12.3
10377.2,0.0,0.0,95.87,86.51,11.51,0.0,0.0,0.0,0.0,0.0,0.0,2.12,0.0,2.12,11.51
10387.3,0.0,0.0,95.87,85.75,11.52,0.0,0.0,0.0,0.0,0.0,0.0,2.14,0.74,2.14,12.26
10397.5,0.0,0.0,95.86,86.44,11.55,0.0,0.0,0.0,0.0,0.0,0.0,2.12,0.0,2.12,11.55
10407.6,0.0,0.0,95.87,86.44,11.51,0.0,0.0,0.0,0.0,0.0,0.0,2.11,0.0,2.11,11.51
10417.7,0.0,0.0,95.86,85.75,11.54,0.0,0.0,0.0,0.0,0.0,0.0,2.14,0.74,2.14,12.28
10427.8,0.0,0.0,95.85,86.44,11.54,0.0,0.0,0.0,0.0,0.0,0.0,2.13,0.0,2.13,11.54
10438.0,0.0,0.0,95.87,86.44,11.52,0.0,0.0,0.0,0.0,0.0,0.0,2.11,0.0,2.11,11.52
10448.1,0.0,0.0,95.86,85.75,11.53,0.0,0.0,0.0,0.0,0.0,0.0,2.15,0.74,2.15,12.27
10458.2,0.0,0.0,95.85,86.41,11.54,0.0,0.0,0.0,0.0,0.0,0.0,2.13,0.0,2.13,11.54
10468.4,0.0,0.0,95.86,86.47,11.52,0.0,0.0,0.0,0.0,0.0,0.0,2.11,0.0,2.11,11.52
10478.5,0.0,0.0,95.87,85.76,11.53,0.0,0.0,0.0,0.0,0.0,0.0,2.14,0.74,2.14,12.27
10488.6,0.0,0.0,95.85,86.42,11.55,0.0,0.0,0.0,0.0,0.0,0.0,2.13,0.0,2.13,11.55
10498.8,0.0,0.0,95.86,86.46,11.51,0.0,0.0,0.0,0.0,0.0,0.0,2.12,0.0,2.12,11.51
10508.9,0.0,0.0,95.86,85.76,11.53,0.0,0.0,0.0,0.0,0.0,0.0,2.15,0.75,2.15,12.28
10519.0,0.0,0.0,95.85,86.35,11.56,0.0,0.0,0.0,0.0,0.0,0.0,2.14,0.0,2.14,11.56
10529.1,0.0,0.0,95.87,86.52,11.51,0.0,0.0,0.0,0.0,0.0,0.0,2.12,0.0,2.12,11.51
10539.3,0.0,0.0,95.87,85.76,11.54,0.0,0.0,0.0,0.0,0.0,0.0,2.14,0.73,2.14,12.27
10549.4,0.0,0.0,95.84,86.26,11.63,0.0,0.0,0.0,0.0,0.0,0.0,2.13,0.0,2.13,11.63
10559.5,0.0,0.0,95.88,86.67,11.37,0.0,0.0,0.0,0.0,0.0,0.0,2.12,0.0,2.12,11.37
10569.7,0.0,0.0,95.87,85.9,11.35,0.0,0.0,0.0,0.0,0.0,0.0,2.12,0.74,2.12,12.09
10579.8,0.0,0.0,95.85,86.64,11.36,0.0,0.0,0.0,0.0,0.0,0.0,2.12,0.0,2.12,11.36
10589.9,0.0,0.0,95.86,86.61,11.36,0.0,0.0,0.0,0.0,0.0,0.0,2.11,0.0,2.11,11.36
10600.0,0.0,0.0,95.87,85.87,11.39,0.0,0.0,0.0,0.0,0.0,0.0,2.13,0.73,2.13,12.12
10610.2,0.0,0.0,95.86,86.6,11.35,0.0,0.0,0.0,0.0,0.0,0.0,2.12,0.0,2.12,11.35
10620.3,0.0,0.0,95.87,86.67,11.34,0.0,0.0,0.0,0.0,0.0,0.0,2.12,0.0,2.12,11.34
10630.4,0.0,0.0,95.87,85.87,11.41,0.0,0.0,0.0,0.0,0.0,0.0,2.14,0.74,2.14,12.15
10640.6,0.0,0.0,95.86,86.59,11.35,0.0,0.0,0.0,0.0,0.0,0.0,2.12,0.0,2.12,11.35
10650.7,0.0,0.0,95.86,86.64,11.38,0.0,0.0,0.0,0.0,0.0,0.0,2.12,0.0,2.12,11.38
10660.8,0.0,0.0,95.87,85.87,11.39,0.0,0.0,0.0,0.0,0.0,0.0,2.14,0.73,2.14,12.12
10671.0,0.0,0.0,95.87,86.63,11.36,0.0,0.0,0.0,0.0,0.0,0.0,2.11,0.0,2.11,11.36
10681.1,0.0,0.0,95.86,86.62,11.37,0.0,0.0,0.0,0.0,0.0,0.0,2.12,0.0,2.12,11.37
10691.2,0.0,0.0,95.84,85.86,11.39,0.0,0.0,0.0,0.0,0.0,0.0,2.16,0.75,2.16,12.14
10701.3,0.0,0.0,95.86,86.6,11.37,0.0,0.0,0.0,0.0,0.0,0.0,2.12,0.0,2.12,11.37
10711.5,0.0,0.0,95.86,86.65,11.36,0.0,0.0,0.0,0.0,0.0,0.0,2.12,0.0,2.12,11.36
10721.6,0.0,0.0,95.84,85.85,11.42,0.0,0.0,0.0,0.0,0.0,0.0,2.16,0.74,2.16,12.16
10731.7,0.0,0.0,95.86,86.6,11.36,0.0,0.0,0.0,0.0,0.0,0.0,2.12,0.0,2.12,11.36
10741.9,0.0,0.0,95.86,86.63,11.36,0.0,0.0,0.0,0.0,0.0,0.0,2.12,0.0,2.12,11.36
10752.0,0.0,0.0,95.84,85.86,11.37,0.0,0.0,0.0,0.0,0.0,0.0,2.17,0.74,2.17,12.11
10762.1,0.0,0.0,95.87,86.62,11.38,0.0,0.0,0.0,0.0,0.0,0.0,2.12,0.0,2.12,11.38
10772.3,0.0,0.0,95.87,86.64,11.36,0.0,0.0,0.0,0.0,0.0,0.0,2.12,0.0,2.12,11.36
10782.4,0.0,0.0,95.85,85.92,11.37,0.0,0.0,0.0,0.0,0.0,0.0,2.16,0.73,2.16,12.1
10792.5,0.0,0.0,95.87,86.55,11.4,0.0,0.0,0.0,0.0,0.0,0.0,2.11,0.0,2.11,11.4
10802.6,0.0,0.0,95.86,86.65,11.36,0.0,0.0,0.0,0.0,0.0,0.0,2.12,0.0,2.12,11.36
10812.8,0.0,0.0,95.85,85.89,11.38,0.0,0.0,0.0,0.0,0.0,0.0,2.16,0.74,2.16,12.12
10822.9,0.0,0.0,95.86,86.31,11.65,0.0,0.0,0.0,0.0,0.0,0.0,2.12,0.0,2.12,11.65
10833.0,0.0,0.0,95.86,86.49,11.51,0.0,0.0,0.0,0.0,0.0,0.0,2.13,0.0,2.13,11.51
10843.2,0.0,0.0,95.85,85.66,11.55,0.0,0.0,0.0,0.0,0.0,0.0,2.15,0.73,2.15,12.28
10853.3,0.0,0.0,95.86,86.49,11.52,0.0,0.0,0.0,0.0,0.0,0.0,2.12,0.0,2.12,11.52
10863.4,0.0,0.0,95.86,86.49,11.53,0.0,0.0,0.0,0.0,0.0,0.0,2.13,0.0,2.13,11.53
10873.6,0.0,0.0,95.86,85.72,11.55,0.0,0.0,0.0,0.0,0.0,0.0,2.15,0.74,2.15,12.29
10883.7,0.0,0.0,95.86,86.43,11.53,0.0,0.0,0.0,0.0,0.0,0.0,2.12,0.0,2.12,11.53
10893.8,0.0,0.0,95.88,86.47,11.53,0.0,0.0,0.0,0.0,0.0,0.0,2.12,0.0,2.12,11.53
10903.9,0.0,0.0,95.85,85.71,11.55,0.0,0.0,0.0,0.0,0.0,0.0,2.15,0.74,2.15,12.29
10914.1,0.0,0.0,95.87,86.42,11.53,0.0,0.0,0.0,0.0,0.0,0.0,2.12,0.0,2.12,11.53
10924.2,0.0,0.0,95.87,86.48,11.52,0.0,0.0,0.0,0.0,0.0,0.0,2.11,0.0,2.11,11.52
10934.3,0.0,0.0,95.86,85.76,11.53,0.0,0.0,0.0,0.0,0.0,0.0,2.15,0.74,2.15,12.27
10944.5,0.0,0.0,95.85,86.4,11.53,0.0,0.0,0.0,0.0,0.0,0.0,2.13,0.0,2.13,11.53
10954.6,0.0,0.0,95.86,86.48,11.53,0.0,0.0,0.0,0.0,0.0,0.0,2.11,0.0,2.11,11.53
10964.7,0.0,0.0,95.86,85.69,11.51,0.0,0.0,0.0,0.0,0.0,0.0,2.14,0.74,2.14,12.25
10974.8,0.0,0.0,95.86,86.49,11.53,0.0,0.0,0.0,0.0,0.0,0.0,2.12,0.0,2.12,11.53
10985.0,0.0,0.0,95.86,86.47,11.53,0.0,0.0,0.0,0.0,0.0,0.0,2.11,0.0,2.11,11.53
10995.1,0.0,0.0,95.86,85.67,11.52,0.0,0.0,0.0,0.0,0.0,0.0,2.14,0.74,2.14,12.26
11005.2,0.0,0.0,95.85,86.5,11.53,0.0,0.0,0.0,0.0,0.0,0.0,2.12,0.0,2.12,11.53
11015.4,0.0,0.0,95.87,86.48,11.53,0.0,0.0,0.0,0.0,0.0,0.0,2.12,0.0,2.12,11.53
11025.5,0.0,0.0,95.86,85.68,11.52,0.0,0.0,0.0,0.0,0.0,0.0,2.14,0.75,2.14,12.27
11035.6,0.0,0.0,95.86,86.5,11.52,0.0,0.0,0.0,0.0,0.0,0.0,2.12,0.0,2.12,11.52
11045.8,0.0,0.0,95.86,86.39,11.54,0.0,0.0,0.0,0.0,0.0,0.0,2.11,0.0,2.11,11.54
11055.9,0.0,0.0,95.86,85.76,11.52,0.0,0.0,0.0,0.0,0.0,0.0,2.13,0.74,2.13,12.26
11066.0,0.0,0.0,95.87,86.45,11.55,0.0,0.0,0.0,0.0,0.0,0.0,2.11,0.0,2.11,11.55
11076.1,0.0,0.0,95.86,86.43,11.53,0.0,0.0,0.0,0.0,0.0,0.0,2.12,0.0,2.12,11.53
11086.3,0.0,0.0,95.85,85.75,11.51,0.0,0.0,0.0,0.0,0.0,0.0,2.13,0.74,2.13,12.25
11096.4,0.0,0.0,95.85,86.26,11.7,0.0,0.0,0.0,0.0,0.0,0.0,2.13,0.0,2.13,11.7
11106.5,0.0,0.0,95.86,86.5,11.51,0.0,0.0,0.0,0.0,0.0,0.0,2.12,0.0,2.12,11.51
11116.7,0.0,0.0,95.87,85.75,11.54,0.0,0.0,0.0,0.0,0.0,0.0,2.15,0.73,2.15,12.27
11126.8,0.0,0.0,95.86,86.4,11.54,0.0,0.0,0.0,0.0,0.0,0.0,2.12,0.0,2.12,11.54
11136.9,0.0,0.0,95.86,86.51,11.51,0.0,0.0,0.0,0.0,0.0,0.0,2.12,0.0,2.12,11.51
11147.1,0.0,0.0,95.86,85.74,11.54,0.0,0.0,0.0,0.0,0.0,0.0,2.15,0.74,2.15,12.28
11157.2,0.0,0.0,95.86,86.39,11.55,0.0,0.0,0.0,0.0,0.0,0.0,2.12,0.0,2.12,11.55
11167.3,0.0,0.0,95.87,86.5,11.51,0.0,0.0,0.0,0.0,0.0,0.0,2.11,0.0,2.11,11.51
11177.4,0.0,0.0,95.87,85.73,11.55,0.0,0.0,0.0,0.0,0.0,0.0,2.14,0.73,2.14,12.28
11187.6,0.0,0.0,95.86,86.4,11.54,0.0,0.0,0.0,0.0,0.0,0.0,2.12,0.0,2.12,11.54
11197.7,0.0,0.0,95.86,86.48,11.53,0.0,0.0,0.0,0.0,0.0,0.0,2.12,0.0,2.12,11.53
11207.8,0.0,0.0,95.87,85.65,11.62,0.0,0.0,0.0,0.0,0.0,0.0,2.14,0.73,2.14,12.35
11218.0,0.0,0.0,95.87,86.58,11.37,0.0,0.0,0.0,0.0,0.0,0.0,2.11,0.0,2.11,11.37
11228.1,0.0,0.0,95.87,86.6,11.38,0.0,0.0,0.0,0.0,0.0,0.0,2.11,0.0,2.11,11.38
11238.2,0.0,0.0,95.87,85.91,11.38,0.0,0.0,0.0,0.0,0.0,0.0,2.14,0.74,2.14,12.12
11248.3,0.0,0.0,95.87,86.59,11.38,0.0,0.0,0.0,0.0,0.0,0.0,2.13,0.0,2.13,11.38
11258.5,0.0,0.0,95.87,86.57,11.41,0.0,0.0,0.0,0.0,0.0,0.0,2.11,0.0,2.11,11.41
11268.6,0.0,0.0,95.87,85.94,11.36,0.0,0.0,0.0,0.0,0.0,0.0,2.13,0.73,2.13,12.09
11278.7,0.0,0.0,95.87,86.59,11.39,0.0,0.0,0.0,0.0,0.0,0.0,2.13,0.0,2.13,11.39
11288.9,0.0,0.0,95.87,86.54,11.38,0.0,0.0,0.0,0.0,0.0,0.0,2.11,0.0,2.11,11.38
11299.0,0.0,0.0,95.86,85.93,11.38,0.0,0.0,0.0,0.0,0.0,0.0,2.12,0.74,2.12,12.12
11309.1,0.0,0.0,95.86,86.63,11.38,0.0,0.0,0.0,0.0,0.0,0.0,2.13,0.0,2.13,11.38
11319.2,0.0,0.0,95.87,86.6,11.39,0.0,0.0,0.0,0.0,0.0,0.0,2.12,0.0,2.12,11.39
11329.3,0.0,0.0,95.87,85.82,11.39,0.0,0.0,0.0,0.0,0.0,0.0,2.13,0.74,2.13,12.13
11339.5,0.0,0.0,95.86,86.64,11.37,0.0,0.0,0.0,0.0,0.0,0.0,2.12,0.0,2.12,11.37
11349.6,0.0,0.0,95.87,86.61,11.39,0.0,0.0,0.0,0.0,0.0,0.0,2.11,0.0,2.11,11.39
11359.7,0.0,0.0,95.86,85.9,11.37,0.0,0.0,0.0,0.0,0.0,0.0,2.15,0.74,2.15,12.11
11369.9,0.0,0.0,95.86,86.57,11.4,0.0,0.0,0.0,0.0,0.0,0.0,2.11,0.0,2.11,11.4
11380.0,0.0,0.0,95.86,85.87,11.39,0.0,0.0,0.0,0.0,0.0,0.0,2.15,0.74,2.15,12.13
11390.1,0.0,0.0,95.84,86.6,11.35,0.0,0.0,0.0,0.0,0.0,0.0,2.14,0.0,2.14,11.35
11400.2,0.0,0.0,95.87,86.58,11.41,0.0,0.0,0.0,0.0,0.0,0.0,2.11,0.0,2.11,11.41
11410.4,0.0,0.0,95.86,85.91,11.37,0.0,0.0,0.0,0.0,0.0,0.0,2.15,0.74,2.15,12.11
11420.5,0.0,0.0,95.85,86.61,11.36,0.0,0.0,0.0,0.0,0.0,0.0,2.13,0.0,2.13,11.36
11430.6,0.0,0.0,95.86,86.56,11.41,0.0,0.0,0.0,0.0,0.0,0.0,2.11,0.0,2.11,11.41
11440.8,0.0,0.0,95.85,85.89,11.39,0.0,0.0,0.0,0.0,0.0,0.0,2.16,0.75,2.16,12.14
11450.9,0.0,0.0,95.85,86.56,11.37,0.0,0.0,0.0,0.0,0.0,0.0,2.13,0.0,2.13,11.37
11461.0,0.0,0.0,95.86,86.62,11.4,0.0,0.0,0.0,0.0,0.0,0.0,2.11,0.0,2.11,11.4
11471.2,0.0,0.0,95.87,85.88,11.39,0.0,0.0,0.0,0.0,0.0,0.0,2.15,0.74,2.15,12.13
11481.3,0.0,0.0,95.84,86.62,11.36,0.0,0.0,0.0,0.0,0.0,0.0,2.14,0.0,2.14,11.36
11491.4,0.0,0.0,95.86,86.56,11.41,0.0,0.0,0.0,0.0,0.0,0.0,2.11,0.0,2.11,11.41
11501.5,0.0,0.0,95.87,85.91,11.38,0.0,0.0,0.0,0.0,0.0,0.0,2.15,0.74,2.15,12.12
11511.7,0.0,0.0,95.84,86.61,11.36,0.0,0.0,0.0,0.0,0.0,0.0,2.14,0.0,2.14,11.36
11521.8,0.0,0.0,95.87,86.56,11.41,0.0,0.0,0.0,0.0,0.0,0.0,2.12,0.0,2.12,11.41
11531.9,0.0,0.0,95.88,85.91,11.38,0.0,0.0,0.0,0.0,0.0,0.0,2.14,0.74,2.14,12.12
11542.1,0.0,0.0,95.84,86.64,11.34,0.0,0.0,0.0,0.0,0.0,0.0,2.13,0.0,2.13,11.34
11552.2,0.0,0.0,95.87,86.52,11.4,0.0,0.0,0.0,0.0,0.0,0.0,2.12,0.0,2.12,11.4
11562.3,0.0,0.0,95.88,85.93,11.41,0.0,0.0,0.0,0.0,0.0,0.0,2.13,0.73,2.13,12.14
11572.5,0.0,0.0,95.85,86.64,11.36,0.0,0.0,0.0,0.0,0.0,0.0,2.13,0.0,2.13,11.36
11582.6,0.0,0.0,95.87,86.58,11.4,0.0,0.0,0.0,0.0,0.0,0.0,2.12,0.0,2.12,11.4
11592.7,0.0,0.0,95.86,85.74,11.54,0.0,0.0,0.0,0.0,0.0,0.0,2.14,0.73,2.14,12.27
11602.8,0.0,0.0,95.86,86.56,11.39,0.0,0.0,0.0,0.0,0.0,0.0,2.13,0.0,2.13,11.39
11613.0,0.0,0.0,95.86,86.63,11.38,0.0,0.0,0.0,0.0,0.0,0.0,2.11,0.0,2.11,11.38
11623.1,0.0,0.0,95.87,85.85,11.39,0.0,0.0,0.0,0.0,0.0,0.0,2.12,0.73,2.12,12.12
11633.2,0.0,0.0,95.86,86.57,11.38,0.0,0.0,0.0,0.0,0.0,0.0,2.11,0.0,2.11,11.38
11643.4,0.0,0.0,95.86,86.63,11.37,0.0,0.0,0.0,0.0,0.0,0.0,2.11,0.0,2.11,11.37
11653.5,0.0,0.0,95.85,85.9,11.38,0.0,0.0,0.0,0.0,0.0,0.0,2.14,0.73,2.14,12.11
11663.6,0.0,0.0,95.86,86.57,11.38,0.0,0.0,0.0,0.0,0.0,0.0,2.11,0.0,2.11,11.38
11673.7,0.0,0.0,95.88,86.6,11.38,0.0,0.0,0.0,0.0,0.0,0.0,2.1,0.0,2.1,11.38
11683.9,0.0,0.0,95.86,85.9,11.38,0.0,0.0,0.0,0.0,0.0,0.0,2.14,0.73,2.14,12.11
11694.0,0.0,0.0,95.88,86.6,11.38,0.0,0.0,0.0,0.0,0.0,0.0,2.11,0.0,2.11,11.38
11704.1,0.0,0.0,95.86,86.58,11.36,0.0,0.0,0.0,0.0,0.0,0.0,2.12,0.0,2.12,11.36
11714.3,0.0,0.0,95.85,85.85,11.37,0.0,0.0,0.0,0.0,0.0,0.0,2.17,0.75,2.17,12.12
11724.4,0.0,0.0,95.86,86.64,11.37,0.0,0.0,0.0,0.0,0.0,0.0,2.12,0.0,2.12,11.37
11734.5,0.0,0.0,95.86,86.66,11.38,0.0,0.0,0.0,0.0,0.0,0.0,2.12,0.0,2.12,11.38
11744.6,0.0,0.0,95.85,85.79,11.39,0.0,0.0,0.0,0.0,0.0,0.0,2.16,0.73,2.16,12.12
11754.8,0.0,0.0,95.87,86.64,11.38,0.0,0.0,0.0,0.0,0.0,0.0,2.11,0.0,2.11,11.38
11764.9,0.0,0.0,95.87,86.66,11.38,0.0,0.0,0.0,0.0,0.0,0.0,2.12,0.0,2.12,11.38
11775.0,0.0,0.0,95.83,85.86,11.38,0.0,0.0,0.0,0.0,0.0,0.0,2.17,0.76,2.17,12.14
11785.2,0.0,0.0,95.85,86.55,11.39,0.0,0.0,0.0,0.0,0.0,0.0,2.11,0.0,2.11,11.39
11795.3,0.0,0.0,95.87,86.63,11.37,0.0,0.0,0.0,0.0,0.0,0.0,2.12,0.0,2.12,11.37
11805.4,0.0,0.0,95.86,85.91,11.39,0.0,0.0,0.0,0.0,0.0,0.0,2.15,0.74,2.15,12.13
11815.6,0.0,0.0,95.86,86.55,11.38,0.0,0.0,0.0,0.0,0.0,0.0,2.11,0.0,2.11,11.38
11825.7,0.0,0.0,95.87,86.66,11.38,0.0,0.0,0.0,0.0,0.0,0.0,2.12,0.0,2.12,11.38
11835.8,0.0,0.0,95.85,85.84,11.4,0.0,0.0,0.0,0.0,0.0,0.0,2.15,0.74,2.15,12.14
11845.9,0.0,0.0,95.87,86.59,11.38,0.0,0.0,0.0,0.0,0.0,0.0,2.11,0.0,2.11,11.38
11856.1,0.0,0.0,95.86,86.58,11.38,0.0,0.0,0.0,0.0,0.0,0.0,2.12,0.0,2.12,11.38
11866.2,0.0,0.0,95.86,85.74,11.54,0.0,0.0,0.0,0.0,0.0,0.0,2.14,0.75,2.14,12.29
11876.3,0.0,0.0,95.86,86.5,11.53,0.0,0.0,0.0,0.0,0.0,0.0,2.13,0.0,2.13,11.53
11886.5,0.0,0.0,95.86,86.38,11.53,0.0,0.0,0.0,0.0,0.0,0.0,2.12,0.0,2.12,11.53
11896.6,0.0,0.0,95.86,85.77,11.52,0.0,0.0,0.0,0.0,0.0,0.0,2.13,0.74,2.13,12.26
11906.7,0.0,0.0,95.87,86.39,11.54,0.0,0.0,0.0,0.0,0.0,0.0,2.12,0.0,2.12,11.54
11916.9,0.0,0.0,95.87,86.5,11.52,0.0,0.0,0.0,0.0,0.0,0.0,2.12,0.0,2.12,11.52
11927.0,0.0,0.0,95.85,85.65,11.66,0.0,0.0,0.0,0.0,0.0,0.0,2.13,0.74,2.13,12.4
11937.1,0.0,0.0,95.86,86.59,11.38,0.0,0.0,0.0,0.0,0.0,0.0,2.12,0.0,2.12,11.38
11947.2,0.0,0.0,95.85,86.58,11.4,0.0,0.0,0.0,0.0,0.0,0.0,2.12,0.0,2.12,11.4
11957.4,0.0,0.0,95.86,85.84,11.38,0.0,0.0,0.0,0.0,0.0,0.0,2.14,0.73,2.14,12.11
11967.5,0.0,0.0,95.86,86.62,11.38,0.0,0.0,0.0,0.0,0.0,0.0,2.11,0.0,2.11,11.38
11977.6,0.0,0.0,95.87,86.52,11.39,0.0,0.0,0.0,0.0,0.0,0.0,2.12,0.0,2.12,11.39
11987.8,0.0,0.0,95.87,85.93,11.38,0.0,0.0,0.0,0.0,0.0,0.0,2.15,0.74,2.15,12.12
11997.9,0.0,0.0,95.85,86.63,11.37,0.0,0.0,0.0,0.0,0.0,0.0,2.11,0.0,2.11,11.37
12008.0,0.0,0.0,95.87,86.54,11.38,0.0,0.0,0.0,0.0,0.0,0.0,2.12,0.0,2.12,11.38
12018.2,0.0,0.0,95.87,85.91,11.38,0.0,0.0,0.0,0.0,0.0,0.0,2.15,0.73,2.15,12.11
12028.3,0.0,0.0,95.86,86.65,11.37,0.0,0.0,0.0,0.0,0.0,0.0,2.11,0.0,2.11,11.37
12038.4,0.0,0.0,95.86,86.61,11.38,0.0,0.0,0.0,0.0,0.0,0.0,2.12,0.0,2.12,11.38
12048.5,0.0,0.0,95.86,85.91,11.38,0.0,0.0,0.0,0.0,0.0,0.0,2.13,0.72,2.13,12.1
12058.7,0.0,0.0,95.85,86.54,11.36,0.0,0.0,0.0,0.0,0.0,0.0,2.11,0.0,2.11,11.36
12068.8,0.0,0.0,95.86,86.61,11.39,0.0,0.0,0.0,0.0,0.0,0.0,2.11,0.0,2.11,11.39
12078.9,0.0,0.0,95.85,85.92,11.37,0.0,0.0,0.0,0.0,0.0,0.0,2.15,0.74,2.15,12.11
12089.1,0.0,0.0,95.86,86.58,11.37,0.0,0.0,0.0,0.0,0.0,0.0,2.11,0.0,2.11,11.37
12099.2,0.0,0.0,95.87,86.61,11.38,0.0,0.0,0.0,0.0,0.0,0.0,2.11,0.0,2.11,11.38
12109.3,0.0,0.0,95.86,85.83,11.38,0.0,0.0,0.0,0.0,0.0,0.0,2.13,0.74,2.13,12.12
12119.5,0.0,0.0,95.86,86.65,11.36,0.0,0.0,0.0,0.0,0.0,0.0,2.12,0.0,2.12,11.36
12129.6,0.0,0.0,95.86,86.58,11.4,0.0,0.0,0.0,0.0,0.0,0.0,2.12,0.0,2.12,11.4
12139.7,0.0,0.0,95.85,85.85,11.39,0.0,0.0,0.0,0.0,0.0,0.0,2.14,0.74,2.14,12.13
12149.8,0.0,0.0,95.85,86.64,11.36,0.0,0.0,0.0,0.0,0.0,0.0,2.13,0.0,2.13,11.36
12160.0,0.0,0.0,95.86,86.55,11.42,0.0,0.0,0.0,0.0,0.0,0.0,2.11,0.0,2.11,11.42
12170.1,0.0,0.0,95.84,85.91,11.36,0.0,0.0,0.0,0.0,0.0,0.0,2.15,0.74,2.15,12.1
12180.2,0.0,0.0,95.86,86.59,11.35,0.0,0.0,0.0,0.0,0.0,0.0,2.13,0.0,2.13,11.35
12190.4,0.0,0.0,95.87,86.62,11.4,0.0,0.0,0.0,0.0,0.0,0.0,2.13,0.0,2.13,11.4
12200.5,0.0,0.0,95.85,85.86,11.36,0.0,0.0,0.0,0.0,0.0,0.0,2.14,0.74,2.14,12.1
12210.6,0.0,0.0,95.85,86.65,11.38,0.0,0.0,0.0,0.0,0.0,0.0,2.12,0.0,2.12,11.38
12220.7,0.0,0.0,95.87,86.55,11.36,0.0,0.0,0.0,0.0,0.0,0.0,2.12,0.0,2.12,11.36
12230.9,0.0,0.0,95.86,85.93,11.37,0.0,0.0,0.0,0.0,0.0,0.0,2.14,0.74,2.14,12.11
12241.0,0.0,0.0,95.85,86.63,11.37,0.0,0.0,0.0,0.0,0.0,0.0,2.12,0.0,2.12,11.37
12251.1,0.0,0.0,95.86,86.57,11.36,0.0,0.0,0.0,0.0,0.0,0.0,2.11,0.0,2.11,11.36
12261.3,0.0,0.0,95.86,85.91,11.38,0.0,0.0,0.0,0.0,0.0,0.0,2.13,0.73,2.13,12.11
12271.4,0.0,0.0,95.86,86.55,11.37,0.0,0.0,0.0,0.0,0.0,0.0,2.11,0.0,2.11,11.37
12281.5,0.0,0.0,95.87,86.65,11.38,0.0,0.0,0.0,0.0,0.0,0.0,2.11,0.0,2.11,11.38
12291.7,0.0,0.0,95.86,85.84,11.36,0.0,0.0,0.0,0.0,0.0,0.0,2.13,0.75,2.13,12.11
12301.8,0.0,0.0,95.86,86.6,11.39,0.0,0.0,0.0,0.0,0.0,0.0,2.11,0.0,2.11,11.39
12311.9,0.0,0.0,95.86,86.6,11.35,0.0,0.0,0.0,0.0,0.0,0.0,2.11,0.0,2.11,11.35
12322.0,0.0,0.0,95.87,85.92,11.36,0.0,0.0,0.0,0.0,0.0,0.0,2.13,0.74,2.13,12.1
12332.2,0.0,0.0,95.85,86.59,11.4,0.0,0.0,0.0,0.0,0.0,0.0,2.13,0.0,2.13,11.4
12342.3,0.0,0.0,95.86,86.42,11.54,0.0,0.0,0.0,0.0,0.0,0.0,2.13,0.0,2.13,11.54
12352.4,0.0,0.0,95.86,85.75,11.53,0.0,0.0,0.0,0.0,0.0,0.0,2.13,0.73,2.13,12.26
12362.6,0.0,0.0,95.86,86.41,11.52,0.0,0.0,0.0,0.0,0.0,0.0,2.12,0.0,2.12,11.52
12372.7,0.0,0.0,95.86,85.74,11.54,0.0,0.0,0.0,0.0,0.0,0.0,2.13,0.75,2.13,12.29
12382.8,0.0,0.0,95.84,86.45,11.54,0.0,0.0,0.0,0.0,0.0,0.0,2.12,0.0,2.12,11.54
12392.9,0.0,0.0,95.86,86.43,11.5,0.0,0.0,0.0,0.0,0.0,0.0,2.13,0.0,2.13,11.5
12403.1,0.0,0.0,95.86,85.77,11.55,0.0,0.0,0.0,0.0,0.0,0.0,2.14,0.73,2.14,12.28
12413.2,0.0,0.0,95.85,86.44,11.53,0.0,0.0,0.0,0.0,0.0,0.0,2.12,0.0,2.12,11.53
12423.3,0.0,0.0,95.86,86.44,11.52,0.0,0.0,0.0,0.0,0.0,0.0,2.11,0.0,2.11,11.52
12433.4,0.0,0.0,95.86,85.73,11.53,0.0,0.0,0.0,0.0,0.0,0.0,2.13,0.73,2.13,12.26
12443.6,0.0,0.0,95.85,86.47,11.53,0.0,0.0,0.0,0.0,0.0,0.0,2.12,0.0,2.12,11.53
12453.7,0.0,0.0,95.86,86.45,11.52,0.0,0.0,0.0,0.0,0.0,0.0,2.11,0.0,2.11,11.52
12463.8,0.0,0.0,95.86,85.73,11.53,0.0,0.0,0.0,0.0,0.0,0.0,2.15,0.73,2.15,12.26
12474.0,0.0,0.0,95.85,86.43,11.54,0.0,0.0,0.0,0.0,0.0,0.0,2.12,0.0,2.12,11.54
12484.1,0.0,0.0,95.85,86.48,11.51,0.0,0.0,0.0,0.0,0.0,0.0,2.12,0.0,2.12,11.51
12494.2,0.0,0.0,95.86,85.52,11.68,0.0,0.0,0.0,0.0,0.0,0.0,2.14,0.74,2.14,12.42
12504.4,0.0,0.0,95.85,86.61,11.39,0.0,0.0,0.0,0.0,0.0,0.0,2.11,0.0,2.11,11.39
12514.5,0.0,0.0,95.86,86.58,11.37,0.0,0.0,0.0,0.0,0.0,0.0,2.12,0.0,2.12,11.37
12524.6,0.0,0.0,95.87,85.88,11.36,0.0,0.0,0.0,0.0,0.0,0.0,2.13,0.74,2.13,12.1
12534.7,0.0,0.0,95.84,86.59,11.39,0.0,0.0,0.0,0.0,0.0,0.0,2.12,0.0,2.12,11.39
12544.9,0.0,0.0,95.86,86.65,11.35,0.0,0.0,0.0,0.0,0.0,0.0,2.11,0.0,2.11,11.35
12555.0,0.0,0.0,95.87,85.84,11.41,0.0,0.0,0.0,0.0,0.0,0.0,2.14,0.74,2.14,12.15
12565.1,0.0,0.0,95.84,86.57,11.38,0.0,0.0,0.0,0.0,0.0,0.0,2.12,0.0,2.12,11.38
12575.3,0.0,0.0,95.86,86.66,11.35,0.0,0.0,0.0,0.0,0.0,0.0,2.12,0.0,2.12,11.35
12585.4,0.0,0.0,95.85,85.77,11.42,0.0,0.0,0.0,0.0,0.0,0.0,2.15,0.75,2.15,12.17
12595.5,0.0,0.0,95.87,86.66,11.37,0.0,0.0,0.0,0.0,0.0,0.0,2.11,0.0,2.11,11.37
12605.7,0.0,0.0,95.86,86.64,11.36,0.0,0.0,0.0,0.0,0.0,0.0,2.13,0.0,2.13,11.36
12615.8,0.0,0.0,95.86,85.8,11.41,0.0,0.0,0.0,0.0,0.0,0.0,2.14,0.74,2.14,12.15
12625.9,0.0,0.0,95.86,86.65,11.38,0.0,0.0,0.0,0.0,0.0,0.0,2.11,0.0,2.11,11.38
12636.0,0.0,0.0,95.86,86.64,11.35,0.0,0.0,0.0,0.0,0.0,0.0,2.13,0.0,2.13,11.35
12646.2,0.0,0.0,95.85,85.81,11.42,0.0,0.0,0.0,0.0,0.0,0.0,2.14,0.73,2.14,12.15
12656.3,0.0,0.0,95.85,86.63,11.37,0.0,0.0,0.0,0.0,0.0,0.0,2.12,0.0,2.12,11.37
12666.4,0.0,0.0,95.86,86.57,11.36,0.0,0.0,0.0,0.0,0.0,0.0,2.13,0.0,2.13,11.36
12676.6,0.0,0.0,95.87,85.91,11.39,0.0,0.0,0.0,0.0,0.0,0.0,2.14,0.74,2.14,12.13
12686.7,0.0,0.0,95.85,86.63,11.39,0.0,0.0,0.0,0.0,0.0,0.0,2.12,0.0,2.12,11.39
12696.8,0.0,0.0,95.85,86.54,11.35,0.0,0.0,0.0,0.0,0.0,0.0,2.13,0.0,2.13,11.35
12707.0,0.0,0.0,95.86,85.75,11.55,0.0,0.0,0.0,0.0,0.0,0.0,2.13,0.74,2.13,12.29
12717.1,0.0,0.0,95.86,86.63,11.37,0.0,0.0,0.0,0.0,0.0,0.0,2.12,0.0,2.12,11.37
12727.2,0.0,0.0,95.86,86.56,11.38,0.0,0.0,0.0,0.0,0.0,0.0,2.11,0.0,2.11,11.38
12737.3,0.0,0.0,95.84,85.87,11.37,0.0,0.0,0.0,0.0,0.0,0.0,2.14,0.74,2.14,12.11
12747.5,0.0,0.0,95.85,86.63,11.37,0.0,0.0,0.0,0.0,0.0,0.0,2.12,0.0,2.12,11.37
12757.6,0.0,0.0,95.86,86.54,11.39,0.0,0.0,0.0,0.0,0.0,0.0,2.12,0.0,2.12,11.39
12767.7,0.0,0.0,95.84,85.93,11.35,0.0,0.0,0.0,0.0,0.0,0.0,2.16,0.74,2.16,12.09
12777.9,0.0,0.0,95.86,86.6,11.39,0.0,0.0,0.0,0.0,0.0,0.0,2.11,0.0,2.11,11.39
12788.0,0.0,0.0,95.86,86.59,11.38,0.0,0.0,0.0,0.0,0.0,0.0,2.11,0.0,2.11,11.38
12798.1,0.0,0.0,95.85,85.92,11.36,0.0,0.0,0.0,0.0,0.0,0.0,2.14,0.74,2.14,12.1
12808.3,0.0,0.0,95.85,86.54,11.39,0.0,0.0,0.0,0.0,0.0,0.0,2.13,0.0,2.13,11.39
12818.4,0.0,0.0,95.85,86.63,11.37,0.0,0.0,0.0,0.0,0.0,0.0,2.11,0.0,2.11,11.37
12828.5,0.0,0.0,95.84,85.89,11.37,0.0,0.0,0.0,0.0,0.0,0.0,2.15,0.74,2.15,12.11
12838.6,0.0,0.0,95.85,86.53,11.41,0.0,0.0,0.0,0.0,0.0,0.0,2.12,0.0,2.12,11.41
12848.8,0.0,0.0,95.86,86.63,11.38,0.0,0.0,0.0,0.0,0.0,0.0,2.12,0.0,2.12,11.38
12858.9,0.0,0.0,95.84,85.85,11.37,0.0,0.0,0.0,0.0,0.0,0.0,2.16,0.74,2.16,12.11
12869.0,0.0,0.0,95.87,86.6,11.4,0.0,0.0,0.0,0.0,0.0,0.0,2.11,0.0,2.11,11.4
12879.2,0.0,0.0,95.86,86.63,11.38,0.0,0.0,0.0,0.0,0.0,0.0,2.13,0.0,2.13,11.38
